measurement_id,annotation_id,specimen_id,dimension,source_annotation_cm,direct_ruler_reading_cm,approximate_reading_interval_cm,reference_category,organ_kind,source_annotation_image,supporting_photos,reconstructed_value_conditional_cm,eligible_for_accuracy_statistics,units_independently_confirmed,correspondence_status,exclusion_reason,conditional_comparison_id,signed_difference_from_operator_annotation_cm
P1.H01.height,P1.H01,P1,height,53.5,,,operator_annotation_only,whole_plant,manual_validation_5-plants_28-09/plant-1_measurements.jpeg,[],,False,False,specimen_identity_supported_endpoint_pair_unresolved,Dry blades overlap narrow stems at the soil junction; the measured stem origin cannot be isolated. Highest retained surface projects to the upper green blade tip. Cereal ear awns extend beyond the dense ear body and are incompletely reconstructed; the very highest biological tip is not certified.,,
P1.O01.length,P1.O01,P1,length,12.5,,,operator_annotation_only,leaf,manual_validation_5-plants_28-09/plant-1_measurements.jpeg,"[""manual_validation_5-plants_28-09/plant-1/Media (3).jpeg""]",,False,False,unresolved,Organ identity unresolved or tentative; no nearest-shape or dimension-based assignment.,,
P1.O01.width,P1.O01,P1,width,1,1.1,"[0.9, 1.3]",photo_supported_approximate,leaf,manual_validation_5-plants_28-09/plant-1_measurements.jpeg,"[""manual_validation_5-plants_28-09/plant-1/Media (4).jpeg""]",,False,False,unresolved,Organ identity unresolved or tentative; no nearest-shape or dimension-based assignment. Photographed section is not demonstrated to be maximum width.,,
P1.O02.length,P1.O02,P1,length,10.9,10.9,"[10.6, 11.2]",photo_supported_approximate,leaf,manual_validation_5-plants_28-09/plant-1_measurements.jpeg,"[""manual_validation_5-plants_28-09/plant-1/Media (1).jpeg""]",,False,False,candidate_medium,Organ identity unresolved or tentative; no nearest-shape or dimension-based assignment.,,
P1.O02.width,P1.O02,P1,width,1,1.0,"[0.8, 1.2]",photo_supported_approximate,leaf,manual_validation_5-plants_28-09/plant-1_measurements.jpeg,"[""manual_validation_5-plants_28-09/plant-1/Media (2).jpeg""]",,False,False,candidate_medium,Organ identity unresolved or tentative; no nearest-shape or dimension-based assignment. Photographed section is not demonstrated to be maximum width.,,
P1.O03.length,P1.O03,P1,length,7.3,7.3,"[7.0, 7.6]",photo_supported_approximate,leaf,manual_validation_5-plants_28-09/plant-1_measurements.jpeg,"[""manual_validation_5-plants_28-09/plant-1/Media (5).jpeg""]",,False,False,source_identity_supported_high,"The true fine dry tip has zero supported cleaned points inside a 4px source disk at frame143152 [983,354]. The measured 5.643 cm chord ends inside the blade and is only partial observed extent.",,
P1.O03.width,P1.O03,P1,width,9,0.8,"[0.6, 1.0]",photo_supported_approximate,leaf,manual_validation_5-plants_28-09/plant-1_measurements.jpeg,"[""manual_validation_5-plants_28-09/plant-1/Media (6).jpeg""]",,False,False,source_identity_supported_high,"The true fine dry tip has zero supported cleaned points inside a 4px source disk at frame143152 [983,354]. The measured 5.643 cm chord ends inside the blade and is only partial observed extent. Exact ruler cross-section correspondence is not established; no maximum-width claim.",,
P1.O04.length,P1.O04,P1,length,6.5,6.4,"[6.1, 6.7]",photo_supported_approximate,ear,manual_validation_5-plants_28-09/plant-1_measurements.jpeg,"[""manual_validation_5-plants_28-09/plant-1/Media (7).jpeg""]",,False,False,source_identity_supported_high,"The distal ear-body endpoint has zero supported cleaned points in the 4px source disk at frame459309 [157,469]. No farther nearest point is substituted. Ear body and awns also need a shared boundary rule.",,
P1.O04.width,P1.O04,P1,width,1.6,,,operator_annotation_only,ear,manual_validation_5-plants_28-09/plant-1_measurements.jpeg,"[""manual_validation_5-plants_28-09/plant-1/Media (8).jpeg""]",,False,False,source_identity_supported_high,"The distal ear-body endpoint has zero supported cleaned points in the 4px source disk at frame459309 [157,469]. No farther nearest point is substituted. Ear body and awns also need a shared boundary rule. Exact ruler cross-section correspondence is not established; no maximum-width claim.",,
P2.H01.height,P2.H01,P2,height,51.7,,,operator_annotation_only,whole_plant,manual_validation_5-plants_28-09/plant-2_measurements_02.png,"[""manual_validation_5-plants_28-09/plant-2/Media (1).jpeg"", ""manual_validation_5-plants_28-09/plant-2/Media (2).jpeg"", ""manual_validation_5-plants_28-09/plant-2/Media (3).jpeg""]",,False,False,specimen_identity_supported_endpoint_pair_unresolved,"Exposed curved green basal stem is visible against soil, but its precise emergence and measurement zero are unresolved. Highest retained points project to a curled yellowing edge and nearby overlapping tissue. Small terminal buds and curled margins are not a unique certified top endpoint.",,
P2.O01.length,P2.O01,P2,length,5,,,operator_annotation_only,leaf,manual_validation_5-plants_28-09/plant-2_measurements_01.png,"[""manual_validation_5-plants_28-09/plant-2/Leaf-1/Media.jpeg""]",,False,False,candidate_medium,Organ identity unresolved or tentative; no nearest-shape or dimension-based assignment.,,
P2.O01.width,P2.O01,P2,width,2.7,,,operator_annotation_only,leaf,manual_validation_5-plants_28-09/plant-2_measurements_01.png,"[""manual_validation_5-plants_28-09/plant-2/Leaf-1/Media (1).jpeg""]",,False,False,candidate_medium,Organ identity unresolved or tentative; no nearest-shape or dimension-based assignment. Photographed section is not demonstrated to be maximum width.,,
P2.O02.length,P2.O02,P2,length,3.9,3.9,"[3.6, 4.2]",photo_supported_approximate,leaf,manual_validation_5-plants_28-09/plant-2_measurements_01.png,"[""manual_validation_5-plants_28-09/plant-2/Leaf-2/Media.jpeg""]",,False,False,unresolved,Organ identity unresolved or tentative; no nearest-shape or dimension-based assignment.,,
P2.O02.width,P2.O02,P2,width,3.4,3.5,"[3.2, 3.8]",photo_supported_approximate,leaf,manual_validation_5-plants_28-09/plant-2_measurements_01.png,"[""manual_validation_5-plants_28-09/plant-2/Leaf-2/Media (1).jpeg""]",,False,False,unresolved,Organ identity unresolved or tentative; no nearest-shape or dimension-based assignment. Photographed section is not demonstrated to be maximum width.,,
P3.H01.height,P3.H01,P3,height,52.8,,,operator_annotation_only,whole_plant,manual_validation_5-plants_28-09/plant-3_measurements_02.png,"[""manual_validation_5-plants_28-09/plant-3/Media (1).jpeg"", ""manual_validation_5-plants_28-09/plant-3/Media (2).jpeg"", ""manual_validation_5-plants_28-09/plant-3/Media (3).jpeg""]",,False,False,specimen_identity_supported_endpoint_pair_unresolved,"Purple/green petiole junction is visible, but the soil-level stem origin is beneath overlapping tissue. Branch-junction region only. Highest retained points lie in overlapping distal stalk/leaf tissue near the lower image edge. Long flowering-stem extremities and true terminal point are not fully resolved.",,
P3.O01.length,P3.O01,P3,length,7.4,,,operator_annotation_only,leaf,manual_validation_5-plants_28-09/plant-3_measurements_01.png,"[""manual_validation_5-plants_28-09/plant-3/Leaf-5/Media.jpeg""]",,False,False,source_identity_supported_high,The lateral blade attachment is crossed by neighbouring petiole/stalk tissue. Its complete basal boundary and lobed width section have not been frozen; the saved pool is interior tissue.,,
P3.O01.width,P3.O01,P3,width,5.5,5.4,"[5.1, 5.7]",photo_supported_approximate,leaf,manual_validation_5-plants_28-09/plant-3_measurements_01.png,"[""manual_validation_5-plants_28-09/plant-3/Leaf-5/Media (1).jpeg""]",,False,False,source_identity_supported_high,The lateral blade attachment is crossed by neighbouring petiole/stalk tissue. Its complete basal boundary and lobed width section have not been frozen; the saved pool is interior tissue. Exact ruler cross-section correspondence is not established; no maximum-width claim.,,
P3.O02.length,P3.O02,P3,length,9.8,,,operator_annotation_only,leaf,manual_validation_5-plants_28-09/plant-3_measurements_01.png,"[""manual_validation_5-plants_28-09/plant-3/Leaf-4/Media.jpeg""]",,False,False,source_identity_supported_high,Basal lobes and hole boundaries overlap a dry underlying blade; complete blade origin and the same ruler section are not frozen in 3D.,,
P3.O02.width,P3.O02,P3,width,7.6,,,operator_annotation_only,leaf,manual_validation_5-plants_28-09/plant-3_measurements_01.png,"[""manual_validation_5-plants_28-09/plant-3/Leaf-4/Media (1).jpeg""]",,False,False,source_identity_supported_high,Basal lobes and hole boundaries overlap a dry underlying blade; complete blade origin and the same ruler section are not frozen in 3D. Exact ruler cross-section correspondence is not established; no maximum-width claim.,,
P3.O03.length,P3.O03,P3,length,7.5,,,operator_annotation_only,leaf,manual_validation_5-plants_28-09/plant-3_measurements_01.png,"[""manual_validation_5-plants_28-09/plant-3/Leaf-3/Media.jpeg""]",7.475255446013435,False,False,source_identity_supported_high,"Provisional chord arithmetic is available, but the operator 7.5 cm is not independently photo-readable, basal-lobe/petiole convention is tentative, and physical scale is unconfirmed. Excluded from validated accuracy statistics.",P3.O03.blade_chord,-0.024744553986565165
P3.O03.width,P3.O03,P3,width,5.7,,,operator_annotation_only,leaf,manual_validation_5-plants_28-09/plant-3_measurements_01.png,"[""manual_validation_5-plants_28-09/plant-3/Leaf-3/Media (1).jpeg""]",,False,False,source_identity_supported_high,One provisional source-endpoint chord is available separately. The operator reference is not independently photo-readable and basal-lobe/petiole convention remains tentative. Exact ruler cross-section correspondence is not established; no maximum-width claim.,,
P3.O04.length,P3.O04,P3,length,11,11.0,"[10.7, 11.3]",photo_supported_approximate,leaf,manual_validation_5-plants_28-09/plant-3_measurements_01.png,"[""manual_validation_5-plants_28-09/plant-3/Leaf-2/Media.jpeg""]",,False,False,source_identity_supported_high,The petiole-to-lobed-blade origin and complete lobe contour have not been frozen across source views. The interior pool omits terminal margins.,,
P3.O04.width,P3.O04,P3,width,8.7,8.7,"[8.4, 9.0]",photo_supported_approximate,leaf,manual_validation_5-plants_28-09/plant-3_measurements_01.png,"[""manual_validation_5-plants_28-09/plant-3/Leaf-2/Media (1).jpeg""]",,False,False,source_identity_supported_high,The petiole-to-lobed-blade origin and complete lobe contour have not been frozen across source views. The interior pool omits terminal margins. Exact ruler cross-section correspondence is not established; no maximum-width claim.,,
P3.O05.length,P3.O05,P3,length,9.2,9.2,"[8.9, 9.5]",photo_supported_approximate,leaf,manual_validation_5-plants_28-09/plant-3_measurements_01.png,"[""manual_validation_5-plants_28-09/plant-3/Leaf-1/Media.jpeg""]",,False,False,source_identity_supported_high,The lobed blade attachment is next to a crossing stalk; a complete blade origin and photographed width-section edges are not yet isolated in 3D.,,
P3.O05.width,P3.O05,P3,width,7.7,7.7,"[7.4, 8.0]",photo_supported_approximate,leaf,manual_validation_5-plants_28-09/plant-3_measurements_01.png,"[""manual_validation_5-plants_28-09/plant-3/Leaf-1/Media (1).jpeg""]",,False,False,source_identity_supported_high,The lobed blade attachment is next to a crossing stalk; a complete blade origin and photographed width-section edges are not yet isolated in 3D. Exact ruler cross-section correspondence is not established; no maximum-width claim.,,
P3.O06.length,P3.O06,P3,length,7.5,,,operator_annotation_only,leaf,manual_validation_5-plants_28-09/plant-3_measurements_01.png,"[""manual_validation_5-plants_28-09/plant-3/Leaf-6/Media.jpeg""]",,False,False,candidate_medium,Organ identity unresolved or tentative; no nearest-shape or dimension-based assignment.,,
P3.O06.width,P3.O06,P3,width,6.3,,,operator_annotation_only,leaf,manual_validation_5-plants_28-09/plant-3_measurements_01.png,"[""manual_validation_5-plants_28-09/plant-3/Leaf-6/Media (1).jpeg""]",,False,False,candidate_medium,Organ identity unresolved or tentative; no nearest-shape or dimension-based assignment. Photographed section is not demonstrated to be maximum width.,,
P4.H01.height,P4.H01,P4,height,52.3,,,operator_annotation_only,whole_plant,manual_validation_5-plants_28-09/plant-4_measurements_02.png,"[""manual_validation_5-plants_28-09/plant-4/Media (1).jpeg"", ""manual_validation_5-plants_28-09/plant-4/Media (2).jpeg""]",,False,False,specimen_identity_supported_endpoint_pair_unresolved,"Pot-centre origin is obscured by leaves and crossing flowering stems. Region candidate only; no visible stem-base endpoint. Highest retained surface projects to a terminal pale bud/flower cluster, but its exact outermost endpoint and complete depth support remain uncertain.",,
P4.O01.length,P4.O01,P4,length,3,,,unusable_for_leaf_validation_pending_organ_type,uncertain_leaf_or_pod,manual_validation_5-plants_28-09/plant-4_measurements_01.png,"[""manual_validation_5-plants_28-09/plant-4/Leaf-1/Media.jpeg""]",,False,False,unresolved,Organ identity unresolved or tentative; no nearest-shape or dimension-based assignment. Leaf-versus-pod identity unresolved.,,
P4.O01.width,P4.O01,P4,width,0.2,,,unusable_for_leaf_validation_pending_organ_type,uncertain_leaf_or_pod,manual_validation_5-plants_28-09/plant-4_measurements_01.png,"[""manual_validation_5-plants_28-09/plant-4/Leaf-1/Media (1).jpeg""]",,False,False,unresolved,Organ identity unresolved or tentative; no nearest-shape or dimension-based assignment. Leaf-versus-pod identity unresolved. Photographed section is not demonstrated to be maximum width.,,
P4.O02.length,P4.O02,P4,length,2.8,,,unusable_for_leaf_validation_pending_organ_type,uncertain_leaf_or_pod,manual_validation_5-plants_28-09/plant-4_measurements_01.png,"[""manual_validation_5-plants_28-09/plant-4/Leaf-2/Media.jpeg""]",,False,False,unresolved,Organ identity unresolved or tentative; no nearest-shape or dimension-based assignment. Leaf-versus-pod identity unresolved.,,
P4.O02.width,P4.O02,P4,width,0.5,,,unusable_for_leaf_validation_pending_organ_type,uncertain_leaf_or_pod,manual_validation_5-plants_28-09/plant-4_measurements_01.png,"[""manual_validation_5-plants_28-09/plant-4/Leaf-2/Media (1).jpeg""]",,False,False,unresolved,Organ identity unresolved or tentative; no nearest-shape or dimension-based assignment. Leaf-versus-pod identity unresolved. Photographed section is not demonstrated to be maximum width.,,
P4.O03.length,P4.O03,P4,length,2.9,,,unusable_for_leaf_validation_pending_organ_type,uncertain_leaf_or_pod,manual_validation_5-plants_28-09/plant-4_measurements_01.png,"[""manual_validation_5-plants_28-09/plant-4/Leaf-3/Media.jpeg""]",,False,False,unresolved,Organ identity unresolved or tentative; no nearest-shape or dimension-based assignment. Leaf-versus-pod identity unresolved.,,
P4.O03.width,P4.O03,P4,width,0.3,,,unusable_for_leaf_validation_pending_organ_type,uncertain_leaf_or_pod,manual_validation_5-plants_28-09/plant-4_measurements_01.png,"[""manual_validation_5-plants_28-09/plant-4/Leaf-3/Media (1).jpeg""]",,False,False,unresolved,Organ identity unresolved or tentative; no nearest-shape or dimension-based assignment. Leaf-versus-pod identity unresolved. Photographed section is not demonstrated to be maximum width.,,
P4.O04.length,P4.O04,P4,length,2.9,,,unusable_for_leaf_validation_pending_organ_type,uncertain_leaf_or_pod,manual_validation_5-plants_28-09/plant-4_measurements_01.png,"[""manual_validation_5-plants_28-09/plant-4/Leaf-4/Media.jpeg""]",,False,False,unresolved,Organ identity unresolved or tentative; no nearest-shape or dimension-based assignment. Leaf-versus-pod identity unresolved.,,
P4.O04.width,P4.O04,P4,width,0.4,,,unusable_for_leaf_validation_pending_organ_type,uncertain_leaf_or_pod,manual_validation_5-plants_28-09/plant-4_measurements_01.png,"[""manual_validation_5-plants_28-09/plant-4/Leaf-4/Media (1).jpeg""]",,False,False,unresolved,Organ identity unresolved or tentative; no nearest-shape or dimension-based assignment. Leaf-versus-pod identity unresolved. Photographed section is not demonstrated to be maximum width.,,
P5.H01.height,P5.H01,P5,height,31.8,,,operator_annotation_only,whole_plant,manual_validation_5-plants_28-09/plant-5_measurements_02.png,"[""manual_validation_5-plants_28-09/plant-5/Media (1).jpeg""]",,False,False,specimen_identity_supported_endpoint_pair_unresolved,"Radial petiole junction and lower curved stem are visible; actual soil-emergence point is hidden by the stem/leaf cluster. Highest retained points project to the terminal margin of the left-facing lobed green O05 leaf candidate, a plausible top surface. This does not establish all-terminal completeness or the stem origin.",,
P5.O01.length,P5.O01,P5,length,12,,,operator_annotation_only,leaf,manual_validation_5-plants_28-09/plant-5_measurements_01.png,"[""manual_validation_5-plants_28-09/plant-5/leaf-4/Media.jpeg""]",,False,False,source_identity_supported_high,The blade has curled damaged/necrotic margins; the rule for including folded dry tissue and full basal boundary is not frozen. Source ruler length was not independently readable.,,
P5.O01.width,P5.O01,P5,width,9.9,9.8,"[9.4, 10.2]",photo_supported_approximate,leaf,manual_validation_5-plants_28-09/plant-5_measurements_01.png,"[""manual_validation_5-plants_28-09/plant-5/leaf-4/Media (1).jpeg""]",,False,False,source_identity_supported_high,The blade has curled damaged/necrotic margins; the rule for including folded dry tissue and full basal boundary is not frozen. Source ruler length was not independently readable. Exact ruler cross-section correspondence is not established; no maximum-width claim.,,
P5.O02.length,P5.O02,P5,length,8,,,operator_annotation_only,leaf,manual_validation_5-plants_28-09/plant-5_measurements_01.png,"[""manual_validation_5-plants_28-09/plant-5/leaf-3/Media.jpeg""]",,False,False,source_identity_supported_high,The small central blade base is adjacent to the crowded petiole fork; its exact lamina origin and obscured ruler endpoints are unresolved.,,
P5.O02.width,P5.O02,P5,width,4.8,,,operator_annotation_only,leaf,manual_validation_5-plants_28-09/plant-5_measurements_01.png,"[""manual_validation_5-plants_28-09/plant-5/leaf-3/Media (1).jpeg""]",,False,False,source_identity_supported_high,The small central blade base is adjacent to the crowded petiole fork; its exact lamina origin and obscured ruler endpoints are unresolved. Exact ruler cross-section correspondence is not established; no maximum-width claim.,,
P5.O03.length,P5.O03,P5,length,11.9,,,operator_annotation_only,leaf,manual_validation_5-plants_28-09/plant-5_measurements_01.png,"[""manual_validation_5-plants_28-09/plant-5/leaf-2/Media.jpeg""]",,False,False,source_identity_supported_high,The rust-brown blade has rolled papery margins and lobes that change pose in the held ruler photo. Complete homologous tip/base and section edges are not frozen.,,
P5.O03.width,P5.O03,P5,width,11.7,11.7,"[11.2, 12.2]",photo_supported_approximate,leaf,manual_validation_5-plants_28-09/plant-5_measurements_01.png,"[""manual_validation_5-plants_28-09/plant-5/leaf-2/Media (1).jpeg""]",,False,False,source_identity_supported_high,The rust-brown blade has rolled papery margins and lobes that change pose in the held ruler photo. Complete homologous tip/base and section edges are not frozen. Exact ruler cross-section correspondence is not established; no maximum-width claim.,,
P5.O04.length,P5.O04,P5,length,12.9,12.9,"[12.6, 13.2]",photo_supported_approximate,leaf,manual_validation_5-plants_28-09/plant-5_measurements_01.png,"[""manual_validation_5-plants_28-09/plant-5/leaf-1/Media.jpeg""]",,False,False,source_identity_supported_high,"A 12.149 cm terminal-lamina chord is available, but the ruler includes basal lobes toward a lower zero. The raw terminal-lamina origin is not homologous to that ruler origin; no residual is computed.",,
P5.O04.width,P5.O04,P5,width,9,9.0,"[8.7, 9.3]",photo_supported_approximate,leaf,manual_validation_5-plants_28-09/plant-5_measurements_01.png,"[""manual_validation_5-plants_28-09/plant-5/leaf-1/Media (1).jpeg""]",,False,False,source_identity_supported_high,"A 12.149 cm terminal-lamina chord is available, but the ruler includes basal lobes toward a lower zero. The raw terminal-lamina origin is not homologous to that ruler origin; no residual is computed. Exact ruler cross-section correspondence is not established; no maximum-width claim.",,
P5.O05.length,P5.O05,P5,length,13.2,,,operator_annotation_only,leaf,manual_validation_5-plants_28-09/plant-5_measurements_01.png,"[""manual_validation_5-plants_28-09/plant-5/leaf-5/Media.jpeg""]",,False,False,source_identity_supported_high,"The ruler length base-versus-petiole inclusion is unresolved, and the in-situ leaf is lobed/curved. The full homologous origin and photographed width section are not frozen.",,
P5.O05.width,P5.O05,P5,width,7.8,7.6,"[7.2, 8.0]",photo_supported_approximate,leaf,manual_validation_5-plants_28-09/plant-5_measurements_01.png,"[""manual_validation_5-plants_28-09/plant-5/leaf-5/Media (1).jpeg""]",,False,False,source_identity_supported_high,"The ruler length base-versus-petiole inclusion is unresolved, and the in-situ leaf is lobed/curved. The full homologous origin and photographed width section are not frozen. Exact ruler cross-section correspondence is not established; no maximum-width claim.",,
