sensor,band_nm,feature,split,source_column,source_line,target_column,target_line,delta_column,delta_line,NCC,accepted_numeric_and_visual
fx10,661.1,panel_left_corner,start_fit,145,162,145.05442741683467,162.66510097855507,0.05442741683466146,0.6651009785550706,0.9990293979644775,True
fx10,661.1,panel_right_corner,start_fit,908,160,907.9722405332161,160.71286628348335,-0.027759466783857434,0.7128662834833541,0.9992843866348267,True
fx10,661.1,left_support_a,start_fit,251,179,250.97538507568137,179.71937375215933,-0.024614924318616005,0.7193737521593366,0.9979937076568604,True
fx10,661.1,left_support_b,start_fit,318,178,318.03082086976906,178.71900754789306,0.03082086976904641,0.7190075478930709,0.9978523254394531,True
fx10,661.1,right_support_a,start_fit,759,176,758.8738919309259,176.52185183051034,-0.12610806907414052,0.5218518305103466,0.9921792149543762,True
fx10,661.1,right_support_b,start_fit,811,178,810.8402516382278,178.57671888357518,-0.1597483617722677,0.5767188835751913,0.9818954467773438,True
fx10,661.1,table_start_corner,start_holdout,99,204,98.91524428090086,204.5336048490411,-0.08475571909913171,0.5336048490410903,0.9983683228492737,True
fx10,661.1,ink_top_cross,start_holdout,224,216,223.88320531646823,216.53805455419086,-0.11679468353176325,0.5380545541908592,0.9893980622291565,True
fx10,661.1,left_grid_615,long_holdout,223,615,223.0419492432535,615.4690873741243,0.04194924325350513,0.46908737412436885,0.991014838218689,True
fx10,661.1,left_grid_914,long_holdout,223,914,223.21215736108246,914.4175139548089,0.2121573610824754,0.41751395480891773,0.9551234245300293,True
fx10,661.1,left_grid_1420,long_holdout,223,1420,223.21918336474926,1420.4040734650307,0.21918336474925404,0.4040734650307858,0.9888677000999451,True
fx10,661.1,left_grid_1920,long_holdout,223,1920,223.27442616179647,1920.3441823809778,0.2744261617964803,0.34418238097791765,0.9843229055404663,True
fx10,661.1,end_cross_left,long_holdout,366,2020,366.23746768848423,2020.3189194243728,0.23746768848423727,0.3189194243728508,0.9897627234458923,True
fx10,661.1,end_cross_middle,long_holdout,524,2020,523.9600999874975,2020.3072784754595,-0.039900012502496196,0.3072784754596025,0.943106472492218,True
fx10,661.1,end_cross_right,long_holdout,670,2020,670.0769432306893,2020.2963061466903,0.07694323068927744,0.29630614669028965,0.9740158915519714,True
fx10,970.03,panel_left_corner,start_fit,145,162,145.0500798555188,162.6825823654359,0.050079855518792016,0.6825823654358931,0.9990211725234985,True
fx10,970.03,panel_right_corner,start_fit,908,160,907.9377889833022,160.7180479488963,-0.062211016697782284,0.718047948896313,0.9992843866348267,True
fx10,970.03,left_support_a,start_fit,251,179,250.95707147468465,179.74960330773345,-0.04292852531533775,0.7496033077334587,0.9977731704711914,True
fx10,970.03,left_support_b,start_fit,318,178,318.02797691813606,178.75454357186618,0.02797691813604608,0.7545435718661828,0.9979865550994873,True
fx10,970.03,right_support_a,start_fit,759,176,758.9034519321395,176.505494046487,-0.09654806786050862,0.5054940464869926,0.9911574125289917,True
fx10,970.03,right_support_b,start_fit,811,178,810.8773085890143,178.5777978342357,-0.12269141098573222,0.5777978342356889,0.9853509068489075,True
fx10,970.03,table_start_corner,start_holdout,99,204,98.9120864187259,204.56313225594255,-0.0879135812740941,0.5631322559425396,0.9981340765953064,True
fx10,970.03,ink_top_cross,start_holdout,224,216,223.87722405328154,216.56710223789847,-0.12277594671845371,0.5671022378984656,0.9928194880485535,False
fx10,970.03,left_grid_615,long_holdout,223,615,223.23263874172622,615.4754848689364,0.23263874172620902,0.475484868936368,0.9705079197883606,True
fx10,970.03,left_grid_914,long_holdout,223,914,223.0681540365803,926.0,0.06815403658030306,12.0,0.20402394235134125,False
fx10,970.03,left_grid_1420,long_holdout,223,1420,223.27937823989694,1420.4445189720363,0.2793782398969462,0.44451897203637714,0.9815216064453125,True
fx10,970.03,left_grid_1920,long_holdout,223,1920,223.2156363499592,1920.1343005306373,0.21563634995918335,0.13430053063737368,0.5062676072120667,False
fx10,970.03,end_cross_left,long_holdout,366,2020,366.3863455953081,2020.3383459515412,0.3863455953081374,0.3383459515411378,0.9857752323150635,True
fx10,970.03,end_cross_middle,long_holdout,524,2020,522.9900781263183,2020.0641955920646,-1.0099218736817246,0.06419559206464243,0.3920665979385376,False
fx10,970.03,end_cross_right,long_holdout,670,2020,672.3552602516667,2020.4846546337308,2.3552602516666266,0.4846546337307469,0.5780320763587952,False
fx17,1301.56,panel_left_corner,start_fit,66,57,66.14789286223109,57.18441661129009,0.1478928622310871,0.18441661129009113,0.9992433786392212,True
fx17,1301.56,panel_right_corner,start_fit,549,58,549.0549619188359,58.15705118252859,0.05496191883596602,0.1570511825285923,0.9992597699165344,True
fx17,1301.56,left_support_a,start_fit,133,74,133.04354879879114,74.13312145062528,0.04354879879113405,0.13312145062528202,0.9977127313613892,True
fx17,1301.56,left_support_b,start_fit,175,73,175.09473293392185,73.09785640848003,0.09473293392184345,0.09785640848002863,0.9978557229042053,True
fx17,1301.56,right_support_a,start_fit,454,73,454.0309857451731,72.97666385737017,0.030985745173115475,-0.02333614262982664,0.9992674589157104,True
fx17,1301.56,right_support_b,start_fit,487,75,487.0287138492738,75.09106200987249,0.02871384927381726,0.09106200987248236,0.9992107152938843,True
fx17,1301.56,table_start_corner,start_holdout,37,99,37.02742134806367,99.03051147403029,0.027421348063665363,0.030511474030285868,0.9986854791641235,True
fx17,1301.56,ink_top_cross,start_holdout,116,111,116.09180809835627,111.1060380713921,0.09180809835627457,0.10603807139210453,0.9951441287994385,False
fx17,1301.56,left_grid_615,long_holdout,115,510,115.0894648586018,509.8812041430062,0.0894648586017972,-0.11879585699383277,0.8693012595176697,True
fx17,1301.56,left_grid_914,long_holdout,115,809,120.87564990743923,797.0,5.875649907439218,-12.0,0.03226156532764435,False
fx17,1301.56,left_grid_1420,long_holdout,115,1315,115.1343478199247,1314.8145963071147,0.13434781992469347,-0.18540369288519898,0.9808707237243652,True
fx17,1301.56,left_grid_1920,long_holdout,115,1815,114.10911458333334,1807.3544288227324,-0.8908854166666664,-7.645571177267488,0.7032634019851685,False
fx17,1301.56,end_cross_left,long_holdout,206,1915,206.14815149885868,1914.7530879507913,0.14815149885867207,-0.24691204920878995,0.9815093278884888,True
fx17,1301.56,end_cross_middle,long_holdout,306,1916,305.86349849059104,1914.8413893590296,-0.1365015094089852,-1.1586106409703572,0.3363907039165497,False
fx17,1301.56,end_cross_right,long_holdout,398,1916,398.2537486759375,1915.7135514774257,0.25374867593753336,-0.28644852257431097,0.943783164024353,True
fx17,970.19,panel_left_corner,start_fit,66,57,66.14217795101294,57.18455735049657,0.14217795101294506,0.18455735049656852,0.9992430210113525,True
fx17,970.19,panel_right_corner,start_fit,549,58,549.0528141506848,58.17478269175662,0.05281415068471951,0.1747826917566151,0.9992645978927612,True
fx17,970.19,left_support_a,start_fit,133,74,133.05655859870217,74.17273352163542,0.05655859870218194,0.17273352163541844,0.9969931244850159,True
fx17,970.19,left_support_b,start_fit,175,73,175.09426668940614,73.11983303061601,0.0942666894061297,0.11983303061600026,0.9977685809135437,True
fx17,970.19,right_support_a,start_fit,454,73,454.0341561565923,72.97972285968989,0.03415615659232607,-0.02027714031011385,0.9990939497947693,True
fx17,970.19,right_support_b,start_fit,487,75,487.0281903564958,75.1274305507828,0.028190356495853663,0.1274305507828064,0.9988842010498047,True
fx17,970.19,table_start_corner,start_holdout,37,99,37.032306795023516,99.03732387462458,0.03230679502351563,0.03732387462457787,0.9988129138946533,True
fx17,970.19,ink_top_cross,start_holdout,116,111,116.10822938850015,111.10041911619926,0.10822938850015262,0.10041911619926225,0.9951660633087158,False
fx17,970.19,left_grid_615,long_holdout,115,510,115.11134489619772,509.8622372709025,0.11134489619772836,-0.13776272909749387,0.8829137682914734,True
fx17,970.19,left_grid_914,long_holdout,115,809,114.65549582673303,807.3501555081618,-0.3445041732669747,-1.6498444918381985,0.09108909964561462,False
fx17,970.19,left_grid_1420,long_holdout,115,1315,115.13685168168996,1314.8211640925672,0.1368516816899561,-0.17883590743275235,0.9835646152496338,True
fx17,970.19,left_grid_1920,long_holdout,115,1815,115.1274321554337,1813.1785321542566,0.1274321554336968,-1.8214678457435287,0.7255332469940186,False
fx17,970.19,end_cross_left,long_holdout,206,1915,206.1365374412809,1914.7408886040516,0.13653744128088974,-0.259111395948338,0.9814175367355347,True
fx17,970.19,end_cross_middle,long_holdout,306,1916,305.8854385556733,1914.7871200700124,-0.11456144432667692,-1.212879929987551,0.3402344584465027,False
fx17,970.19,end_cross_right,long_holdout,398,1916,398.25847762869046,1915.7275471070534,0.2584776286904802,-0.27245289294659436,0.9399038553237915,True
