sensor,hsi_sheet,d405_sheet,marker_id,reference_x_m,reference_y_m,reference_z_m,plane_x_m,plane_y_m,detector_column_px,scan_line_px,old_grid_inlier
fx10,top,left_sheet,15,0.36915551130241675,0.11632459656224135,0.8982928146496961,-0.5016912143807618,0.013187115384543088,475.62557123762895,472.9713587822177,True
fx10,top,left_sheet,22,0.36775009076271686,0.06634960875528972,0.8990176503563422,-0.5019436340098903,-0.03681224744500982,556.7815104367897,472.25105907249343,True
fx10,top,left_sheet,14,0.41913557909668453,0.11492125440303379,0.8984459618487923,-0.4516919981532613,0.01293469411106203,475.4285138254845,537.5924840155204,True
fx10,top,left_sheet,19,0.34346276713543294,0.09203877373836933,0.8985786589034711,-0.5268170323090762,-0.011686355393492824,516.4980793789399,439.4451163665723,True
fx10,top,left_sheet,20,0.29348269934116517,0.0934421158975769,0.8984255117043749,-0.5768162485365768,-0.011433934120011766,515.9632589955696,374.93335307176426,True
fx10,top,left_sheet,17,0.44342290272396845,0.0892320894199542,0.8988849533016635,-0.4268185998540752,-0.01219119794045495,516.7926577350057,570.2466055647664,True
fx10,top,left_sheet,21,0.41773015855698464,0.06494626659608216,0.8991707975554384,-0.4519444177823896,-0.03706466871849088,556.8861801848132,537.398902179023,True
fx10,top,left_sheet,10,0.4448283232636684,0.1392070772269058,0.8981601175950175,-0.4265661802249469,0.03780816488909794,435.02295187185376,570.6865167457943,True
fx10,top,left_sheet,13,0.29488811988086505,0.1434171037045285,0.8977006759977288,-0.5765638289074484,0.038565428709541126,434.1774870040508,376.1173170877879,True
fx10,top,left_sheet,27,0.2920772788014653,0.04346712809062528,0.899150347411021,-0.5770686681657051,-0.061433296949564654,597.2707696532725,373.9529384730939,True
fx10,top,left_sheet,16,0.31917544350814897,0.11772793872144892,0.8981396674505999,-0.5516904306082623,0.013439536658024151,475.18906804711173,407.9078523469745,True
fx10,top,left_sheet,7,0.4205409996363844,0.16489624220998542,0.8977211261421463,-0.45143957852413297,0.06293405694061492,394.5405228118987,538.9204230293918,True
fx10,top,left_sheet,23,0.31777002296844914,0.06775295091449729,0.898864503157246,-0.5519428502373905,-0.03655982617152875,556.7074713423276,407.656052013945,True
fx10,top,left_sheet,12,0.34486818767513283,0.14201376154532094,0.897853823196825,-0.5265646126799479,0.038313007436060066,434.73344099157265,440.79057139909156,True
fx10,top,left_sheet,11,0.3948482554694006,0.14061041938611338,0.8980069703959213,-0.4765653964524474,0.03806058616257901,434.6933340811764,506.0274764947322,True
fx10,top,left_sheet,25,0.39203741439000084,0.04066044377221015,0.8994566418092133,-0.477070235710704,-0.06193813949652678,598.4832520712956,505.08451155267494,True
fx10,top,left_sheet,28,0.41632473801728476,0.014971278789130543,0.8998956332620844,-0.4521968374115179,-0.08706403154804376,639.816401535632,536.5275660609717,True
fx10,top,left_sheet,33,0.34065192605603317,-0.00791120187553393,0.9000283303167631,-0.5273218715673328,-0.11168508105259865,679.2454935377523,438.36950808712027,True
fx10,top,left_sheet,2,0.32198628458754874,0.21767791433535216,0.8966899960373078,-0.5511855913500057,0.11343826231712995,311.2514217660056,409.86993645979027,True
fx10,top,left_sheet,6,0.29629354042056494,0.19339209151148012,0.8969758402910828,-0.5763114092783201,0.08856479153909402,351.90583939062566,376.2533029151083,True
fx10,top,left_sheet,34,0.2906718582617654,-0.006507859716326364,0.8998751831176669,-0.5773210877948333,-0.11143265977911758,677.9606645269489,373.50415638942235,True
fx10,top,left_sheet,26,0.34205734659573306,0.04206378593141771,0.899303494610117,-0.5270694519382044,-0.06168571822304572,598.0735910630139,439.85855601366524,True
fx10,top,left_sheet,9,0.3205808640478489,0.16770292652840055,0.8974148317439539,-0.551438010979134,0.06343889948757706,393.1339382494293,409.39598345233634,True
fx10,top,left_sheet,1,0.3719663523818165,0.2162745721761446,0.896843143236404,-0.5011863751225053,0.11318584104364889,313.0054729408446,474.96957561545224,True
fx10,top,left_sheet,24,0.44201748218426856,0.03925710161300258,0.8996097890083095,-0.4270710194832036,-0.06219056077000784,598.8870889273995,569.4165444824564,True
fx10,top,left_sheet,8,0.3705609318421167,0.16629958436919298,0.8975679789430501,-0.5014387947516334,0.063186478214096,393.92525072446557,473.85451835013646,True
fx10,top,left_sheet,18,0.3934428349297007,0.09063543157916176,0.8987318061025673,-0.4768178160815757,-0.01193877666697389,516.3530696683182,504.6899650140903,True
fx10,top,left_sheet,3,0.4462337438033683,0.18918206503385743,0.8974352818883714,-0.42631376059581855,0.08780752771865083,353.52451757181035,571.6330262755348,True
fx10,top,left_sheet,5,0.3462736082148327,0.19198874935227256,0.897128987490179,-0.5263121930508196,0.08831237026561295,353.1312134982226,441.94193574467056,True
fx10,top,left_sheet,30,0.3163646024287492,0.017777963107545675,0.899589338863892,-0.5521952698665189,-0.08655918900108164,638.0641589563967,407.00592560431164,True
fx10,top,left_sheet,32,0.3906319938503009,-0.009314544034741495,0.9001814775158593,-0.47732265533983237,-0.1119375023260797,679.6446858301388,504.00353347774416,True
fx10,top,left_sheet,29,0.366344670223017,0.01637462094833811,0.8997424860629882,-0.5021960536390185,-0.08681161027456272,638.8418825012031,471.4296091779047,True
fx10,top,left_sheet,31,0.4406120616445687,-0.010717886193949061,0.9003346247149555,-0.42732343911233184,-0.11218992359956076,679.911088980697,568.359285882111,False
fx10,top,left_sheet,4,0.3962536760091005,0.190585407193065,0.8972821346892752,-0.4763129768233191,0.0880599489921319,352.7182364019431,506.41548954477156,True
fx10,middle_rotated,middle_sheet,30,0.9679997651118564,0.10756347458635884,0.8987427435765345,0.09719600793788688,0.01823305679348018,467.59838759091525,1248.4874533917307,True
fx10,middle_rotated,middle_sheet,20,0.929693405351041,0.03841598094491874,0.899859401528633,0.06049472494151777,-0.05178837721301626,583.1604981610317,1200.9523445002187,True
fx10,middle_rotated,middle_sheet,19,0.8958610367429385,0.07522341440093855,0.8990954141294201,0.025822294793685044,-0.015763751784878363,523.5671636604767,1156.6708470920255,True
fx10,middle_rotated,middle_sheet,16,0.8943697063587008,0.039905105368451904,0.8997222959131905,0.025146010510839586,-0.05111243826308982,582.062258563558,1154.9873583115411,True
fx10,middle_rotated,middle_sheet,7,0.789889939765918,0.07969078767153807,0.8986840972830926,-0.08022384849834961,-0.013735934935098995,520.0078777006123,1019.526342516565,True
fx10,middle_rotated,middle_sheet,33,0.969491095496094,0.14288178361884546,0.898115861792764,0.09787229222073232,0.053581743271691615,410.16260793525447,1249.7672146021437,True
fx10,middle_rotated,middle_sheet,14,0.8267049691424959,0.11351997228049153,0.8981943211147646,-0.04419884978482587,0.020936812593185996,463.0973191439753,1065.9227519220556,True
fx10,middle_rotated,middle_sheet,23,0.9311847357352786,0.07373428997740536,0.8992325197448625,0.06117100922436323,-0.016439690734804828,524.5006147545502,1202.5119260851855,True
fx10,middle_rotated,middle_sheet,0,0.7530749103893403,0.04586160306258462,0.8991738734514206,-0.11624884721187327,-0.04840868246338398,576.7760491891404,971.3097334682792,True
fx10,middle_rotated,middle_sheet,13,0.8928783759744632,0.0045867963359652805,0.900349177696961,0.024469726227994124,-0.08646112474130124,639.2884766529155,1153.8247163757317,True
fx10,middle_rotated,middle_sheet,26,0.9326760661195163,0.10905259900989199,0.898605637961092,0.06184729350720868,0.018908995743406612,467.11083674389226,1203.1129653913295,True
fx10,middle_rotated,middle_sheet,22,0.8973523671271761,0.11054172343342517,0.8984685323456495,0.026498579076530502,0.019584934693333066,465.6048657280332,1157.1645422021493,True
fx10,middle_rotated,middle_sheet,2,0.8207396476055453,-0.027753263849455007,0.9007018482498466,-0.0469039869162077,-0.1204579333196598,693.9640789606742,1061.1330780902106,True
fx10,middle_rotated,middle_sheet,12,0.8590460073663607,0.041394229791985086,0.8995851902977481,-0.010202703919838602,-0.05043649931316335,580.3239844606389,1109.459174561254,True
fx10,middle_rotated,middle_sheet,34,1.0033234641041966,0.10607435016282564,0.898879849191977,0.13254472236856518,0.0175571178435537,469.32114831954016,1294.5953922724955,True
fx10,middle_rotated,middle_sheet,10,0.7913812701501557,0.11500909670402472,0.898057215499322,-0.07954756421550416,0.02161275154311246,461.2659399635615,1019.8711363092157,True
fx10,middle_rotated,middle_sheet,18,0.862028668134836,0.11203084785695837,0.898331426730207,-0.008850135354147687,0.020260873643259552,464.30080207723745,1111.8057215983224,True
fx10,middle_rotated,middle_sheet,17,0.8281962995267336,0.14883828131297816,0.897567439330994,-0.04352256550198041,0.05628549907139744,405.49169386453417,1067.034595426516,True
fx10,middle_rotated,middle_sheet,11,0.8252136387582583,0.0782016632480049,0.8988212028985351,-0.04487513406767133,-0.014411873885025447,520.8846400435108,1064.9049499000032,True
fx10,middle_rotated,middle_sheet,3,0.7545662407735779,0.08117991209507125,0.8985469916676501,-0.11557256292902782,-0.013059995985172535,518.2080007275838,973.1026235643765,True
fx10,middle_rotated,middle_sheet,8,0.8237223083740206,0.042883354215518255,0.8994480846823055,-0.045551418350516786,-0.0497605603632369,579.1612134448144,1064.0579661355266,True
fx10,middle_rotated,middle_sheet,21,0.8635199985190737,0.147349156889445,0.8977045449464366,-0.008173851071302227,0.055609560121470995,406.82781902483015,1112.4346829352257,True
fx10,middle_rotated,middle_sheet,15,0.8605373377505984,0.07671253882447171,0.8989583085139775,-0.009526419636993142,-0.015087812834951917,523.0240089022136,1110.9882839355757,True
fx10,middle_rotated,middle_sheet,5,0.822230977989783,0.007565045183031624,0.9000749664660761,-0.04622770263336225,-0.08510924684144834,637.8639595053023,1063.0099663715475,True
fx10,middle_rotated,middle_sheet,9,0.8575546769821231,0.006075920759498449,0.9002120720815185,-0.010878988202684058,-0.0857851857913748,638.1145245766306,1108.3997718237529,True
fx10,middle_rotated,middle_sheet,31,0.9018263582798891,0.21649665053088507,0.896587886994338,0.02852743192506687,0.1256309941279674,292.7658706576622,1160.9438065468034,True
fx10,middle_rotated,middle_sheet,32,0.9356587268879916,0.17968921707486527,0.897351874393551,0.0631998620728996,0.0896063686998295,351.4219724837592,1205.3765107581828,True
fx10,middle_rotated,middle_sheet,4,0.7883986093816804,0.044372478639051444,0.8993109790668631,-0.0809001327811951,-0.049084621413310436,577.5708015351622,1018.0378922765302,True
fx10,middle_rotated,middle_sheet,1,0.7869072789974427,0.0090541696065648,0.8999378608506335,-0.08157641706404055,-0.08443330789152188,635.7145583320186,1016.6313635592348,True
fx10,middle_rotated,middle_sheet,29,0.934167396503754,0.14437090804237865,0.8979787561773215,0.06252357779005427,0.05425768222161808,409.79881392325296,1204.966732171128,True
fx10,middle_rotated,middle_sheet,28,0.9003350278956515,0.18117834149839845,0.8972147687781086,0.027851147642221415,0.09028230764975598,350.29372242068206,1160.2967761075809,True
fx10,middle_rotated,middle_sheet,25,0.8988436975114138,0.1458600324659118,0.897841650561879,0.02717486335937596,0.054933621171544524,407.8468704376191,1159.3725639619183,True
fx10,middle_rotated,middle_sheet,24,0.8650113289033113,0.18266746592193162,0.897077663162666,-0.007497566788456769,0.09095824659968242,348.2502389339885,1114.6918741971488,True
fx10,middle_rotated,middle_sheet,6,0.8560633465978854,-0.029242388272988182,0.900838953865289,-0.011555272485529516,-0.12113387226958625,695.353344636773,1106.7638402139094,True
fx10,bottom,right_sheet,12,1.39590693717324,0.046699229243419495,0.8994803573849166,0.5263930594038859,-0.03275104405291033,550.6152852964858,1805.3433751285193,True
fx10,bottom,right_sheet,20,1.4465499581635393,0.09604469612210048,0.8989241887943569,0.5758845931248823,0.01775208346983143,468.22452559306265,1869.8194577317363,True
fx10,bottom,right_sheet,13,1.4459026833612156,0.046053040305987246,0.8995686917761563,0.5763904562191294,-0.03224529069187587,549.4032785019143,1870.053035263512,True
fx10,bottom,right_sheet,17,1.2965627195996128,0.09798326293439721,0.8986591856206376,0.42589240267915257,0.016234823386728065,470.5141999166284,1675.156445444887,True
fx10,bottom,right_sheet,10,1.2959154447972892,0.04799160711828398,0.8993036886024371,0.4263982657733996,-0.03376255077497924,552.8347599938612,1675.1997721361693,True
fx10,bottom,right_sheet,14,1.3212369552924388,0.07266434055762447,0.8990256043071573,0.4511440326338978,-0.008510987013608366,511.57740209946036,1707.4283766479634,True
fx10,bottom,right_sheet,18,1.3465584657875882,0.09733707399696498,0.8987475200118774,0.4758897994943957,0.016740576747762526,469.8354952074364,1740.1400261608278,True
fx10,bottom,right_sheet,3,1.2952681699949655,-0.002000048697829264,0.8999481915842366,0.42690412886764667,-0.08375992493668656,634.0734738143174,1675.4343850490052,True
fx10,bottom,right_sheet,6,1.445255408558892,-0.0039386155101259965,0.9002131947579558,0.5768963193133764,-0.08224266485358318,631.2279411541966,1870.3690573678648,True
fx10,bottom,right_sheet,22,1.3718799762827378,0.12200980743630546,0.8984694357165975,0.5006355663548938,0.04199214050913339,428.39034272335294,1772.2089355649232,True
fx10,bottom,right_sheet,11,1.3459111909852646,0.04734541818085173,0.8993920229936768,0.4763956625886428,-0.03325679741394479,551.912681394469,1739.9389595952375,True
fx10,bottom,right_sheet,24,1.2972099944019364,0.14797491875051044,0.8980146826388382,0.42538653958490547,0.06623219754843536,388.4203686823956,1674.6347208569218,True
fx10,bottom,right_sheet,5,1.3952596623709166,-0.0032924265726937546,0.900124860366716,0.5268989224981333,-0.08274841821461765,631.8102229054354,1805.702517480813,True
fx10,bottom,right_sheet,23,1.4218757224707133,0.12136361849887323,0.8985577701078373,0.550632963170137,0.042497893870167856,428.25472722722475,1837.1124862039621,True
fx10,bottom,right_sheet,4,1.345263916182941,-0.0026462376352615127,0.9000365259754762,0.47690152568288985,-0.08325417157565208,632.714066075214,1740.976661852653,True
fx10,bottom,right_sheet,34,1.4478445077681863,0.19602800775432694,0.8976351828307579,0.5748728669363878,0.11774683179324602,305.3344653529558,1869.3666132407718,True
fx10,bottom,right_sheet,8,1.3705854266780906,0.022026495804078984,0.8997584416801965,0.501647292543388,-0.058002607814281223,591.8125104284512,1773.0363878363976,True
fx10,bottom,right_sheet,1,1.369938151875767,-0.02796516001203425,0.9004029446619959,0.5021531556376351,-0.10799998197598853,673.3058416571329,1772.0203036953467,True
fx10,bottom,right_sheet,15,1.3712327014804142,0.07201815162019223,0.899113938698397,0.501141429449141,-0.008005233652573903,510.66745579545756,1772.5068286413189,True
fx10,bottom,right_sheet,16,1.4212284476683896,0.07137196268275997,0.8992022730896367,0.551138826264384,-0.007499480291539471,509.6280025889789,1837.6136075400639,True
fx10,bottom,right_sheet,19,1.3965542119755636,0.09669088505953274,0.8988358544031171,0.5258871963096389,0.01724633010879699,469.0469863955894,1804.968029827464,True
fx10,bottom,right_sheet,9,1.420581172866066,0.021380306866646735,0.8998467760714361,0.5516446893586313,-0.057496854453246767,590.2754270912411,1837.6102728278381,True
fx10,bottom,right_sheet,33,1.3978487615802109,0.1966741966917592,0.8975468484395183,0.5248754701211448,0.11724107843221158,306.09231528348937,1804.695490898347,True
fx10,bottom,right_sheet,26,1.3972014867778872,0.14668254087564597,0.8981913514213177,0.5253813332153918,0.06724370427050429,387.08489754059974,1804.5709202991316,True
fx10,bottom,right_sheet,0,1.3199424056877915,-0.02731897107460201,0.9003146102707561,0.45215575882239195,-0.10850573533702298,674.6251477211612,1707.9604381189965,True
fx10,bottom,right_sheet,28,1.3225315048970858,0.17264765218985095,0.8977365983435583,0.45013230644540336,0.09148376130980626,348.37440690083804,1706.6991426922848,True
fx10,bottom,right_sheet,21,1.3218842300947622,0.1226559963737377,0.8983811013253578,0.45063816953965047,0.04148638714809893,429.042474537961,1707.1091898749648,True
fx10,bottom,right_sheet,30,1.4225229972730369,0.17135527431498648,0.8979132671260378,0.5501271000758899,0.09249526803187519,346.4825136439829,1836.8785762043485,True
fx10,bottom,right_sheet,29,1.3725272510850615,0.17200146325241872,0.8978249327347981,0.5001297032606468,0.09198951467084072,347.15573492671007,1772.1189680443017,True
fx10,bottom,right_sheet,7,1.3205896804901152,0.022672684741511226,0.8996701072889567,0.4516498957281448,-0.05850836117531568,592.6381304536455,1707.6838558555864,True
fx10,bottom,right_sheet,31,1.2978572692042598,0.19796657456662367,0.8973701796570388,0.42488067649065814,0.11622957171014266,307.5454276803015,1674.7061963794351,True
fx10,bottom,right_sheet,2,1.4199338980637424,-0.028611348949466497,0.9004912790532356,0.5521505524528784,-0.10749422861495408,672.6289693374639,1837.7668619659867,True
fx10,bottom,right_sheet,32,1.3478530153922355,0.19732038562919144,0.8974585140482785,0.47487807330590154,0.11673532507117712,307.18222785781995,1739.1693227720136,True
fx10,bottom,right_sheet,25,1.3472057405899118,0.1473287298130782,0.898103017030078,0.47538393640014864,0.06673795090946984,387.8023146345967,1739.9305919999579,True
fx17,top,left_sheet,21,0.41773015855698464,0.06494626659608216,0.8991707975554384,-0.4519444177823896,-0.03706466871849088,326.91588525957775,433.44548123429996,True
fx17,top,left_sheet,11,0.3948482554694006,0.14061041938611338,0.8980069703959213,-0.4765653964524474,0.03806058616257901,249.16666412353516,401.5,True
fx17,top,left_sheet,22,0.36775009076271686,0.06634960875528972,0.8990176503563422,-0.5019436340098903,-0.03681224744500982,326.95601425862526,368.3310172123672,True
fx17,top,left_sheet,17,0.44342290272396845,0.0892320894199542,0.8988849533016635,-0.4268185998540752,-0.01219119794045495,301.166661223967,465.99999606096515,True
fx17,top,left_sheet,13,0.29488811988086505,0.1434171037045285,0.8977006759977288,-0.5765638289074484,0.038565428709541126,248.81305933616994,272.02580460423445,True
fx17,top,left_sheet,12,0.34486818767513283,0.14201376154532094,0.897853823196825,-0.5265646126799479,0.038313007436060066,248.76957082474112,336.5878311339837,True
fx17,top,left_sheet,24,0.44201748218426856,0.03925710161300258,0.8996097890083095,-0.4270710194832036,-0.06219056077000784,353.0786526304824,465.38957607129106,True
fx17,top,left_sheet,10,0.4448283232636684,0.1392070772269058,0.8981601175950175,-0.4265661802249469,0.03780816488909794,249.8518892381955,466.589801658154,True
fx17,top,left_sheet,14,0.41913557909668453,0.11492125440303379,0.8984459618487923,-0.4516919981532613,0.01293469411106203,274.9382757907423,433.9199871012646,True
fx17,top,left_sheet,31,0.4406120616445687,-0.010717886193949061,0.9003346247149555,-0.42732343911233184,-0.11218992359956076,404.8993813432503,465.4726542686812,True
fx17,top,left_sheet,15,0.36915551130241675,0.11632459656224135,0.8982928146496961,-0.5016912143807618,0.013187115384543088,275.0414631062514,369.11214780545134,True
fx17,top,left_sheet,19,0.34346276713543294,0.09203877373836933,0.8985786589034711,-0.5268170323090762,-0.011686355393492824,300.75195747343383,335.8894482390312,True
fx17,top,left_sheet,20,0.29348269934116517,0.0934421158975769,0.8984255117043749,-0.5768162485365768,-0.011433934120011766,300.5638000035904,271.25213401402664,True
fx17,top,left_sheet,18,0.3934428349297007,0.09063543157916176,0.8987318061025673,-0.4768178160815757,-0.01193877666697389,301.06174049482536,401.08548678881874,True
fx17,top,left_sheet,28,0.41632473801728476,0.014971278789130543,0.8998956332620844,-0.4521968374115179,-0.08706403154804376,378.75077123456293,432.72274054584506,True
fx17,top,left_sheet,23,0.31777002296844914,0.06775295091449729,0.898864503157246,-0.5519428502373905,-0.03655982617152875,326.49999643644196,303.5000051007781,True
fx17,top,left_sheet,3,0.4462337438033683,0.18918206503385743,0.8974352818883714,-0.42631376059581855,0.08780752771865083,197.99999715417923,466.9999960596316,True
fx17,top,left_sheet,30,0.3163646024287492,0.017777963107545675,0.899589338863892,-0.5521952698665189,-0.08655918900108164,378.0207798925467,302.9712278073177,True
fx17,top,left_sheet,29,0.366344670223017,0.01637462094833811,0.8997424860629882,-0.5021960536390185,-0.08681161027456272,378.18540977841724,368.19176602658393,True
fx17,top,left_sheet,16,0.31917544350814897,0.11772793872144892,0.8981396674505999,-0.5516904306082623,0.013439536658024151,274.8146030864522,303.80823720204955,True
fx17,top,left_sheet,27,0.2920772788014653,0.04346712809062528,0.899150347411021,-0.5770686681657051,-0.061433296949564654,352.4812702182691,270.8082412536812,True
fx17,top,left_sheet,33,0.34065192605603317,-0.00791120187553393,0.9000283303167631,-0.5273218715673328,-0.11168508105259865,404.0214776022279,334.97216247544145,True
fx17,top,left_sheet,6,0.29629354042056494,0.19339209151148012,0.8969758402910828,-0.5763114092783201,0.08856479153909402,197.3118616783808,272.3611708910415,True
fx17,top,left_sheet,7,0.4205409996363844,0.16489624220998542,0.8977211261421463,-0.45143957852413297,0.06293405694061492,223.72710187250905,434.24388801683665,True
fx17,top,left_sheet,26,0.34205734659573306,0.04206378593141771,0.899303494610117,-0.5270694519382044,-0.06168571822304572,352.4119504072466,335.5578065149627,True
fx17,top,left_sheet,9,0.3205808640478489,0.16770292652840055,0.8974148317439539,-0.551438010979134,0.06343889948757706,223.07861999533236,304.2244774852757,True
fx17,top,left_sheet,5,0.3462736082148327,0.19198874935227256,0.897128987490179,-0.5263121930508196,0.08831237026561295,197.56250881571722,337.0882477398361,True
fx17,top,left_sheet,25,0.39203741439000084,0.04066044377221015,0.8994566418092133,-0.477070235710704,-0.06193813949652678,353.18785110598117,400.75648920089924,True
fx17,top,left_sheet,32,0.3906319938503009,-0.009314544034741495,0.9001814775158593,-0.47732265533983237,-0.1119375023260797,404.246446352961,399.88735549343005,True
fx17,top,left_sheet,8,0.3705609318421167,0.16629958436919298,0.8975679789430501,-0.5014387947516334,0.063186478214096,223.419045148577,368.828568812779,True
fx17,top,left_sheet,2,0.32198628458754874,0.21767791433535216,0.8966899960373078,-0.5511855913500057,0.11343826231712995,172.06261755092203,304.91882911835046,True
fx17,top,left_sheet,4,0.3962536760091005,0.190585407193065,0.8972821346892752,-0.4763129768233191,0.0880599489921319,197.73776258947126,401.8650730065973,True
fx17,top,left_sheet,34,0.2906718582617654,-0.006507859716326364,0.8998751831176669,-0.5773210877948333,-0.11143265977911758,403.83333649034995,270.50000813445854,True
fx17,top,left_sheet,1,0.3719663523818165,0.2162745721761446,0.896843143236404,-0.5011863751225053,0.11318584104364889,172.16666599420415,369.8333384807301,True
fx17,middle_rotated,middle_sheet,34,1.0033234641041966,0.10607435016282564,0.898879849191977,0.13254472236856518,0.0175571178435537,270.6550298212811,1190.4182896804452,True
fx17,middle_rotated,middle_sheet,3,0.7545662407735779,0.08117991209507125,0.8985469916676501,-0.11557256292902782,-0.013059995985172535,302.1968175535407,869.2587832289128,True
fx17,middle_rotated,middle_sheet,14,0.8267049691424959,0.11351997228049153,0.8981943211147646,-0.04419884978482587,0.020936812593185996,267.29484089447095,961.9404905115531,True
fx17,middle_rotated,middle_sheet,26,0.9326760661195163,0.10905259900989199,0.898605637961092,0.06184729350720868,0.018908995743406612,269.5038960988971,1099.3375178970819,True
fx17,middle_rotated,middle_sheet,27,0.9665084347276187,0.07224516555387218,0.8993696253603051,0.09651972365504141,-0.01711562968473129,306.7681383223111,1144.1091934559872,True
fx17,middle_rotated,middle_sheet,11,0.8252136387582583,0.0782016632480049,0.8988212028985351,-0.04487513406767133,-0.014411873885025447,303.67093898528475,961.1478080363274,True
fx17,middle_rotated,middle_sheet,13,0.8928783759744632,0.0045867963359652805,0.900349177696961,0.024469726227994124,-0.08646112474130124,378.4802563851613,1050.4746568734363,True
fx17,middle_rotated,middle_sheet,20,0.929693405351041,0.03841598094491874,0.899859401528633,0.06049472494151777,-0.05178837721301626,342.67829371527455,1097.7876413735048,True
fx17,middle_rotated,middle_sheet,16,0.8943697063587008,0.039905105368451904,0.8997222959131905,0.025146010510839586,-0.05111243826308982,341.9996496286704,1051.491328177271,True
fx17,middle_rotated,middle_sheet,23,0.9311847357352786,0.07373428997740536,0.8992325197448625,0.06117100922436323,-0.016439690734804828,305.84448249480266,1098.4877190495222,True
fx17,middle_rotated,middle_sheet,19,0.8958610367429385,0.07522341440093855,0.8990954141294201,0.025822294793685044,-0.015763751784878363,305.26812077866646,1052.7863318204495,True
fx17,middle_rotated,middle_sheet,30,0.9679997651118564,0.10756347458635884,0.8987427435765345,0.09719600793788688,0.01823305679348018,269.7424106901173,1144.8039033333716,True
fx17,middle_rotated,middle_sheet,15,0.8605373377505984,0.07671253882447171,0.8989583085139775,-0.009526419636993142,-0.015087812834951917,304.832413913357,1007.0083435875722,True
fx17,middle_rotated,middle_sheet,9,0.8575546769821231,0.006075920759498449,0.9002120720815185,-0.010878988202684058,-0.0857851857913748,377.65914817328394,1004.5470893814404,True
fx17,middle_rotated,middle_sheet,12,0.8590460073663607,0.041394229791985086,0.8995851902977481,-0.010202703919838602,-0.05043649931316335,341.17026253023806,1006.1453017303452,True
fx17,middle_rotated,middle_sheet,25,0.8988436975114138,0.1458600324659118,0.897841650561879,0.02717486335937596,0.054933621171544524,231.84873492995314,1054.6368924357507,True
fx17,middle_rotated,middle_sheet,4,0.7883986093816804,0.044372478639051444,0.8993109790668631,-0.0809001327811951,-0.049084621413310436,339.824695857667,914.0042004759562,True
fx17,middle_rotated,middle_sheet,7,0.789889939765918,0.07969078767153807,0.8986840972830926,-0.08022384849834961,-0.013735934935098995,303.01206089535367,915.2138806448291,True
fx17,middle_rotated,middle_sheet,22,0.8973523671271761,0.11054172343342517,0.8984685323456495,0.026498579076530502,0.019584934693333066,268.5267238854393,1053.9973938504731,True
fx17,middle_rotated,middle_sheet,1,0.7869072789974427,0.0090541696065648,0.8999378608506335,-0.08157641706404055,-0.08443330789152188,376.6264891949617,913.3668311428366,True
fx17,middle_rotated,middle_sheet,10,0.7913812701501557,0.11500909670402472,0.898057215499322,-0.07954756421550416,0.02161275154311246,266.33580846330716,916.2890638678465,True
fx17,middle_rotated,middle_sheet,5,0.822230977989783,0.007565045183031624,0.9000749664660761,-0.04622770263336225,-0.08510924684144834,377.02716282367936,959.1317457297354,True
fx17,middle_rotated,middle_sheet,31,0.9018263582798891,0.21649665053088507,0.896587886994338,0.02852743192506687,0.1256309941279674,159.66016862679464,1055.969067718189,True
fx17,middle_rotated,middle_sheet,17,0.8281962995267336,0.14883828131297816,0.897567439330994,-0.04352256550198041,0.05628549907139744,230.5656846508618,962.7339213887226,True
fx17,middle_rotated,middle_sheet,28,0.9003350278956515,0.18117834149839845,0.8972147687781086,0.027851147642221415,0.09028230764975598,195.50119288256676,1055.539365124703,True
fx17,middle_rotated,middle_sheet,33,0.969491095496094,0.14288178361884546,0.898115861792764,0.09787229222073232,0.053581743271691615,233.49181379111346,1145.896511600885,True
fx17,middle_rotated,middle_sheet,29,0.934167396503754,0.14437090804237865,0.8979787561773215,0.06252357779005427,0.05425768222161808,232.84667196065834,1100.2217039860054,True
fx17,middle_rotated,middle_sheet,2,0.8207396476055453,-0.027753263849455007,0.9007018482498466,-0.0469039869162077,-0.1204579333196598,413.5065792926658,958.0312903545341,True
fx17,middle_rotated,middle_sheet,24,0.8650113289033113,0.18266746592193162,0.897077663162666,-0.007497566788456769,0.09095824659968242,195.00729855219768,1009.86127557747,True
fx17,middle_rotated,middle_sheet,32,0.9356587268879916,0.17968921707486527,0.897351874393551,0.0631998620728996,0.0896063686998295,196.79185058092938,1100.8424331482934,True
fx17,middle_rotated,middle_sheet,21,0.8635199985190737,0.147349156889445,0.8977045449464366,-0.008173851071302227,0.055609560121470995,231.35898130176034,1008.0442031941641,True
fx17,middle_rotated,middle_sheet,6,0.8560633465978854,-0.029242388272988182,0.900838953865289,-0.011555272485529516,-0.12113387226958625,414.72512036692603,1003.8368873914557,True
fx17,middle_rotated,middle_sheet,18,0.862028668134836,0.11203084785695837,0.898331426730207,-0.008850135354147687,0.020260873643259552,268.0170515987636,1008.1851211686208,True
fx17,middle_rotated,middle_sheet,8,0.8237223083740206,0.042883354215518255,0.8994480846823055,-0.045551418350516786,-0.0497605603632369,340.49453062863563,959.8213339244019,True
fx17,bottom,right_sheet,5,1.3952596623709166,-0.0032924265726937546,0.900124860366716,0.5268989224981333,-0.08274841821461765,374.4864974473345,1701.4806728086933,True
fx17,bottom,right_sheet,18,1.3465584657875882,0.09733707399696498,0.8987475200118774,0.4758897994943957,0.016740576747762526,271.33333587646484,1635.6666679382322,True
fx17,bottom,right_sheet,15,1.3712327014804142,0.07201815162019223,0.899113938698397,0.501141429449141,-0.008005233652573903,296.97694007403516,1668.5284131385476,True
fx17,bottom,right_sheet,9,1.420581172866066,0.021380306866646735,0.8998467760714361,0.5516446893586313,-0.057496854453246767,348.3102663668283,1733.861743793568,True
fx17,bottom,right_sheet,8,1.3705854266780906,0.022026495804078984,0.8997584416801965,0.501647292543388,-0.058002607814281223,348.89497019940234,1668.9215466154508,True
fx17,bottom,right_sheet,22,1.3718799762827378,0.12200980743630546,0.8984694357165975,0.5006355663548938,0.04199214050913339,245.16666412353513,1668.0,True
fx17,bottom,right_sheet,11,1.3459111909852646,0.04734541818085173,0.8993920229936768,0.4763956625886428,-0.03325679741394479,323.3789469507276,1636.0631538136647,True
fx17,bottom,right_sheet,12,1.39590693717324,0.046699229243419495,0.8994803573849166,0.5263930594038859,-0.03275104405291033,322.7303581040394,1701.0881916911924,True
fx17,bottom,right_sheet,13,1.4459026833612156,0.046053040305987246,0.8995686917761563,0.5763904562191294,-0.03224529069187587,321.80901507396186,1765.5652226359953,True
fx17,bottom,right_sheet,17,1.2965627195996128,0.09798326293439721,0.8986591856206376,0.42589240267915257,0.016234823386728065,271.9201596394868,1570.7212504577242,True
fx17,bottom,right_sheet,20,1.4465499581635393,0.09604469612210048,0.8989241887943569,0.5758845931248823,0.01775208346983143,270.177521544404,1764.9479322465218,True
fx17,bottom,right_sheet,16,1.4212284476683896,0.07137196268275997,0.8992022730896367,0.551138826264384,-0.007499480291539471,296.3333349334383,1733.1666729148728,True
fx17,bottom,right_sheet,6,1.445255408558892,-0.0039386155101259965,0.9002131947579558,0.5768963193133764,-0.08224266485358318,373.75623827133865,1766.0563053907126,True
fx17,bottom,right_sheet,10,1.2959154447972892,0.04799160711828398,0.8993036886024371,0.4263982657733996,-0.03376255077497924,323.6148061089755,1570.8538813157204,True
fx17,bottom,right_sheet,2,1.4199338980637424,-0.028611348949466497,0.9004912790532356,0.5521505524528784,-0.10749422861495408,399.92017305631094,1733.8894702559267,True
fx17,bottom,right_sheet,21,1.3218842300947622,0.1226559963737377,0.8983811013253578,0.45063816953965047,0.04148638714809893,245.71153663313203,1603.0621311853656,True
fx17,bottom,right_sheet,27,1.4471972329658627,0.1460363519382137,0.8982796858125575,0.575378730030635,0.06774945763153872,218.65115295751127,1764.6437076000918,True
fx17,bottom,right_sheet,24,1.2972099944019364,0.14797491875051044,0.8980146826388382,0.42538653958490547,0.06623219754843536,220.4865010278579,1570.147345878049,True
fx17,bottom,right_sheet,19,1.3965542119755636,0.09669088505953274,0.8988358544031171,0.5258871963096389,0.01724633010879699,270.6938386130948,1700.3003382835864,True
fx17,bottom,right_sheet,14,1.3212369552924388,0.07266434055762447,0.8990256043071573,0.4511440326338978,-0.008510987013608366,297.6394911189724,1603.6996637167945,True
fx17,bottom,right_sheet,3,1.2952681699949655,-0.002000048697829264,0.8999481915842366,0.42690412886764667,-0.08375992493668656,375.3494059004605,1572.022261353168,True
fx17,bottom,right_sheet,1,1.369938151875767,-0.02796516001203425,0.9004029446619959,0.5021531556376351,-0.10799998197598853,400.47571032053423,1669.5304725407825,True
fx17,bottom,right_sheet,7,1.3205896804901152,0.022672684741511226,0.8996701072889567,0.4516498957281448,-0.05850836117531568,349.19095633705217,1603.802869778743,True
fx17,bottom,right_sheet,29,1.3725272510850615,0.17200146325241872,0.8978249327347981,0.5001297032606468,0.09198951467084072,193.54233219475552,1667.1611710890534,True
fx17,bottom,right_sheet,4,1.345263916182941,-0.0026462376352615127,0.9000365259754762,0.47690152568288985,-0.08325417157565208,374.9999985770905,1636.666665968047,True
fx17,bottom,right_sheet,23,1.4218757224707133,0.12136361849887323,0.8985577701078373,0.550632963170137,0.042497893870167856,244.7289851074201,1732.5909886467423,True
fx17,bottom,right_sheet,28,1.3225315048970858,0.17264765218985095,0.8977365983435583,0.45013230644540336,0.09148376130980626,194.41035878516402,1602.6124590098123,True
fx17,bottom,right_sheet,26,1.3972014867778872,0.14668254087564597,0.8981913514213177,0.5253813332153918,0.06724370427050429,219.22917841934185,1700.088244705523,True
fx17,bottom,right_sheet,25,1.3472057405899118,0.1473287298130782,0.898103017030078,0.47538393640014864,0.06673795090946984,219.7535544186697,1634.887378124611,True
fx17,bottom,right_sheet,34,1.4478445077681863,0.19602800775432694,0.8976351828307579,0.5748728669363878,0.11774683179324602,167.57877945182264,1764.111218049632,True
fx17,bottom,right_sheet,0,1.3199424056877915,-0.02731897107460201,0.9003146102707561,0.45215575882239195,-0.10850573533702298,401.0,1604.5,True
fx17,bottom,right_sheet,31,1.2978572692042598,0.19796657456662367,0.8973701796570388,0.42488067649065814,0.11622957171014266,169.484124960049,1569.6442542133389,False
fx17,bottom,right_sheet,30,1.4225229972730369,0.17135527431498648,0.8979132671260378,0.5501271000758899,0.09249526803187519,193.16063397423022,1731.99148684804,True
fx17,bottom,right_sheet,32,1.3478530153922355,0.19732038562919144,0.8974585140482785,0.47487807330590154,0.11673532507117712,168.74365948715595,1634.7775358208432,True
fx17,bottom,right_sheet,33,1.3978487615802109,0.1966741966917592,0.8975468484395183,0.5248754701211448,0.11724107843221158,168.36212935871038,1699.3747963609956,True
