measurement_id,specimen_id,dimension,annotation_cm,reference_class,photo_candidate_cm,photo_interval_cm,existing_photo_paths,photo_evidence_limit,geometry_or_definition_gap,minimum_resolution_action,validated_comparison_eligible
P1.H01.height,P1,height,53.5,operator_annotation_only,,,[],No supporting height-ruler photograph is present. The annotated overview supplies 53.5 cm only; the board in shared image.jpeg is not a height-ruler observation.,Dry blades overlap narrow stems at the soil junction; the measured stem origin cannot be isolated. Highest retained surface projects to the upper green blade tip. Cereal ear awns extend beyond the dense ear body and are incompletely reconstructed; the very highest biological tip is not certified.,"Apply the plant height action: actual soil-emergence and declared terminal endpoint visible in calibrated overlapping views, with readable zero/tip and ruler join if present.",False
P1.O01.length,P1,length,12.5,operator_annotation_only,,,"[""manual_validation_5-plants_28-09/plant-1/Media (3).jpeg""]",Ruler and long blade diverge. Dry tip and basal endpoint are not both located against the same ruler axis clearly enough to recover 12.5 cm independently.,Organ identity unresolved or tentative; no nearest-shape or dimension-based assignment.,"Identify this organ and declare lamina/petiole/dry-tip and chord/path rules; collect both ruler endpoint offsets unobscured, linked to unchanged-pose calibrated views.",False
P1.O01.width,P1,width,1,photo_supported_approximate,1.1,"[0.9, 1.3]","[""manual_validation_5-plants_28-09/plant-1/Media (4).jpeg""]","Visible blade margins span roughly 0.0 to 1.1 cm on the reversed scale. This is the photographed section, not demonstrated maximum blade width.",Organ identity unresolved or tentative; no nearest-shape or dimension-based assignment. Photographed section is not demonstrated to be maximum width.,"Identify the exact width cross-section on the organ and show both edges with both ruler offsets. If maximum width is desired, explicitly search/record that section rather than reusing an arbitrary photographed section. Retain the existing approximate photo reference only if that same section can be linked.",False
P1.O02.length,P1,length,10.9,photo_supported_approximate,10.9,"[10.6, 11.2]","[""manual_validation_5-plants_28-09/plant-1/Media (1).jpeg""]",Tip is close to the ruler zero and blade attachment is near 10.9 cm. Approximate straight projected length; curved midrib length is not established.,Organ identity unresolved or tentative; no nearest-shape or dimension-based assignment.,"Retain the existing approximate ruler candidate, but establish the same organ, complete base/tip and pose/convention in calibrated source views before a comparison.",False
P1.O02.width,P1,width,1,photo_supported_approximate,1.0,"[0.8, 1.2]","[""manual_validation_5-plants_28-09/plant-1/Media (2).jpeg""]",Two visible blade margins bracket roughly one centimetre interval. Zero alignment and slight blade angle limit precision.,Organ identity unresolved or tentative; no nearest-shape or dimension-based assignment. Photographed section is not demonstrated to be maximum width.,"Identify the exact width cross-section on the organ and show both edges with both ruler offsets. If maximum width is desired, explicitly search/record that section rather than reusing an arbitrary photographed section. Retain the existing approximate photo reference only if that same section can be linked.",False
P1.O03.length,P1,length,7.3,photo_supported_approximate,7.3,"[7.0, 7.6]","[""manual_validation_5-plants_28-09/plant-1/Media (5).jpeg""]",Transparent ruler shows the blade base close to zero and tip near 7.3 cm. Approximate projected blade length.,"The true fine dry tip has zero supported cleaned points inside a 4px source disk at frame143152 [983,354]. The measured 5.643 cm chord ends inside the blade and is only partial observed extent.",P1-A3: obtain overlapping sharp geometry of the fine dry tip. Existing partial 5.643 cm extent cannot become full length through scale adjustment.,False
P1.O03.width,P1,width,9,photo_supported_approximate,0.8,"[0.6, 1.0]","[""manual_validation_5-plants_28-09/plant-1/Media (6).jpeg""]",Enlarged original crop shows left blade edge near 0.2 cm and right edge near 1.0 cm. Subtracting endpoints gives approximately 0.8 cm. The original annotation explicitly says 9 cm and is retained. Earlier 0.9 cm proposal lies within the photo reading interval but is not imposed as exact ground truth.,"The true fine dry tip has zero supported cleaned points inside a 4px source disk at frame143152 [983,354]. The measured 5.643 cm chord ends inside the blade and is only partial observed extent. Exact ruler cross-section correspondence is not established; no maximum-width claim.","Identify the exact width cross-section on the organ and show both edges with both ruler offsets. If maximum width is desired, explicitly search/record that section rather than reusing an arbitrary photographed section. Retain the existing approximate photo reference only if that same section can be linked.",False
P1.O04.length,P1,length,6.5,photo_supported_approximate,6.4,"[6.1, 6.7]","[""manual_validation_5-plants_28-09/plant-1/Media (7).jpeg""]",Ear body begins about 0.3 cm and ends about 6.7 cm along ruler: approximately 6.4 cm excluding projecting awns. Ear body versus awns must be defined for 3D comparison.,"The distal ear-body endpoint has zero supported cleaned points in the 4px source disk at frame459309 [157,469]. No farther nearest point is substituted. Ear body and awns also need a shared boundary rule.",P1-A3: recover the distal ear-body endpoint and define body-versus-awn boundary. Keep ear outside leaf statistics.,False
P1.O04.width,P1,width,1.6,operator_annotation_only,,,"[""manual_validation_5-plants_28-09/plant-1/Media (8).jpeg""]",Glumes and awns overlap the ruler and outer edges. The 1.6 cm annotation may include projecting structures; no defensible single body or maximum-width reading is recoverable.,"The distal ear-body endpoint has zero supported cleaned points in the 4px source disk at frame459309 [157,469]. No farther nearest point is substituted. Ear body and awns also need a shared boundary rule. Exact ruler cross-section correspondence is not established; no maximum-width claim.","Identify the exact width cross-section on the organ and show both edges with both ruler offsets. If maximum width is desired, explicitly search/record that section rather than reusing an arbitrary photographed section. Obtain a new readable width record; the existing source is operator-only.",False
P2.H01.height,P2,height,51.7,operator_annotation_only,,,"[""manual_validation_5-plants_28-09/plant-2/Media (1).jpeg"", ""manual_validation_5-plants_28-09/plant-2/Media (2).jpeg"", ""manual_validation_5-plants_28-09/plant-2/Media (3).jpeg""]","Two-ruler setup is visible, but hand/plant obscures an unambiguous lower ruler zero or joining offset. Highest curled tip also changes pose between photographs. Cannot independently recompute 51.7 cm to 0.1 cm.","Exposed curved green basal stem is visible against soil, but its precise emergence and measurement zero are unresolved. Highest retained points project to a curled yellowing edge and nearby overlapping tissue. Small terminal buds and curled margins are not a unique certified top endpoint.","Apply the plant height action: actual soil-emergence and declared terminal endpoint visible in calibrated overlapping views, with readable zero/tip and ruler join if present.",False
P2.O01.length,P2,length,5,operator_annotation_only,,,"[""manual_validation_5-plants_28-09/plant-2/Leaf-1/Media.jpeg""]",Tip is near the 5 cm region but ruler zero/basal blade endpoint lies among overlapping curled tissue. Do not equate a tip graduation with blade length without a visible base.,Organ identity unresolved or tentative; no nearest-shape or dimension-based assignment.,"Identify this organ and declare lamina/petiole/dry-tip and chord/path rules; collect both ruler endpoint offsets unobscured, linked to unchanged-pose calibrated views.",False
P2.O01.width,P2,width,2.7,operator_annotation_only,,,"[""manual_validation_5-plants_28-09/plant-2/Leaf-1/Media (1).jpeg""]",Opaque ruler hides the full width section and blade is curled. The visible margins near the ruler do not prove the maximum width or the exact 2.7 cm annotation.,Organ identity unresolved or tentative; no nearest-shape or dimension-based assignment. Photographed section is not demonstrated to be maximum width.,"Identify the exact width cross-section on the organ and show both edges with both ruler offsets. If maximum width is desired, explicitly search/record that section rather than reusing an arbitrary photographed section. Obtain a new readable width record; the existing source is operator-only.",False
P2.O02.length,P2,length,3.9,photo_supported_approximate,3.9,"[3.6, 4.2]","[""manual_validation_5-plants_28-09/plant-2/Leaf-2/Media.jpeg""]",Held blade extends approximately from 0.1 to 4.0 cm; attachment/terminal margins are visible beside ruler but do not support millimetre precision.,Organ identity unresolved or tentative; no nearest-shape or dimension-based assignment.,"Retain the existing approximate ruler candidate, but establish the same organ, complete base/tip and pose/convention in calibrated source views before a comparison.",False
P2.O02.width,P2,width,3.4,photo_supported_approximate,3.5,"[3.2, 3.8]","[""manual_validation_5-plants_28-09/plant-2/Leaf-2/Media (1).jpeg""]","Upper leaf margin is around 0.4 cm and opposite margin around 3.9 cm. Endpoint subtraction gives about 3.5 cm, consistent with but not copied from source 3.4 cm.",Organ identity unresolved or tentative; no nearest-shape or dimension-based assignment. Photographed section is not demonstrated to be maximum width.,"Identify the exact width cross-section on the organ and show both edges with both ruler offsets. If maximum width is desired, explicitly search/record that section rather than reusing an arbitrary photographed section. Retain the existing approximate photo reference only if that same section can be linked.",False
P3.H01.height,P3,height,52.8,operator_annotation_only,,,"[""manual_validation_5-plants_28-09/plant-3/Media (1).jpeg"", ""manual_validation_5-plants_28-09/plant-3/Media (2).jpeg"", ""manual_validation_5-plants_28-09/plant-3/Media (3).jpeg""]",Hand covers the ruler junction; the whole-plant frame does not show an unambiguous stem-base zero. Media (2).jpeg and Media (3).jpeg are byte-identical. No independent 52.8 cm sum can be justified.,"Purple/green petiole junction is visible, but the soil-level stem origin is beneath overlapping tissue. Branch-junction region only. Highest retained points lie in overlapping distal stalk/leaf tissue near the lower image edge. Long flowering-stem extremities and true terminal point are not fully resolved.","Apply the plant height action: actual soil-emergence and declared terminal endpoint visible in calibrated overlapping views, with readable zero/tip and ruler join if present.",False
P3.O01.length,P3,length,7.4,operator_annotation_only,,,"[""manual_validation_5-plants_28-09/plant-3/Leaf-5/Media.jpeg""]",Tip lies near 7.4 cm but basal lobes/petiole boundary is not unambiguously at zero. No numerical length is inferred from the tip mark alone.,The lateral blade attachment is crossed by neighbouring petiole/stalk tissue. Its complete basal boundary and lobed width section have not been frozen; the saved pool is interior tissue.,"Identify this organ and declare lamina/petiole/dry-tip and chord/path rules; collect both ruler endpoint offsets unobscured, linked to unchanged-pose calibrated views.",False
P3.O01.width,P3,width,5.5,photo_supported_approximate,5.4,"[5.1, 5.7]","[""manual_validation_5-plants_28-09/plant-3/Leaf-5/Media (1).jpeg""]",Upper blade edge near 5.5 cm and lower edge near 0.1 cm give about 5.4 cm. Lobed margins and ruler angle justify a broad visual interval.,The lateral blade attachment is crossed by neighbouring petiole/stalk tissue. Its complete basal boundary and lobed width section have not been frozen; the saved pool is interior tissue. Exact ruler cross-section correspondence is not established; no maximum-width claim.,"Identify the exact width cross-section on the organ and show both edges with both ruler offsets. If maximum width is desired, explicitly search/record that section rather than reusing an arbitrary photographed section. Retain the existing approximate photo reference only if that same section can be linked.",False
P3.O02.length,P3,length,9.8,operator_annotation_only,,,"[""manual_validation_5-plants_28-09/plant-3/Leaf-4/Media.jpeg""]","Tip is near the 9.8-10.0 cm region, but hand/leaf obscures the exact base and zero alignment. Source 9.8 cm is not independently verified.",Basal lobes and hole boundaries overlap a dry underlying blade; complete blade origin and the same ruler section are not frozen in 3D.,"Identify this organ and declare lamina/petiole/dry-tip and chord/path rules; collect both ruler endpoint offsets unobscured, linked to unchanged-pose calibrated views.",False
P3.O02.width,P3,width,7.6,operator_annotation_only,,,"[""manual_validation_5-plants_28-09/plant-3/Leaf-4/Media (1).jpeg""]",One margin lies near 7.5-7.6 cm; the opposite edge/zero alignment is obscured. Do not treat that endpoint as a width.,Basal lobes and hole boundaries overlap a dry underlying blade; complete blade origin and the same ruler section are not frozen in 3D. Exact ruler cross-section correspondence is not established; no maximum-width claim.,"Identify the exact width cross-section on the organ and show both edges with both ruler offsets. If maximum width is desired, explicitly search/record that section rather than reusing an arbitrary photographed section. Obtain a new readable width record; the existing source is operator-only.",False
P3.O03.length,P3,length,7.5,operator_annotation_only,,,"[""manual_validation_5-plants_28-09/plant-3/Leaf-3/Media.jpeg""]",Tip is around the 7.5 cm region; ruler zero and the chosen blade-base endpoint are obscured by hand and basal tissue.,"Provisional chord arithmetic is available, but the operator 7.5 cm is not independently photo-readable, basal-lobe/petiole convention is tentative, and physical scale is unconfirmed. Excluded from validated accuracy statistics.",P3-A1: independently photograph the declared lowest basal lamina and apex with readable ruler offsets; retain the existing chord and its endpoint-disk sensitivity separately.,False
P3.O03.width,P3,width,5.7,operator_annotation_only,,,"[""manual_validation_5-plants_28-09/plant-3/Leaf-3/Media (1).jpeg""]",Lobed margins cross opposite sides of a broad opaque ruler at different positions. The exact lower offset and maximum section are not unambiguous; no 5.7 cm value is imputed.,One provisional source-endpoint chord is available separately. The operator reference is not independently photo-readable and basal-lobe/petiole convention remains tentative. Exact ruler cross-section correspondence is not established; no maximum-width claim.,"Identify the exact width cross-section on the organ and show both edges with both ruler offsets. If maximum width is desired, explicitly search/record that section rather than reusing an arbitrary photographed section. Obtain a new readable width record; the existing source is operator-only.",False
P3.O04.length,P3,length,11,photo_supported_approximate,11.0,"[10.7, 11.3]","[""manual_validation_5-plants_28-09/plant-3/Leaf-2/Media.jpeg""]",Attachment-side blade origin is near zero and opposite tip near 11.0 cm; both are visible beside the ruler. Straight projected length.,The petiole-to-lobed-blade origin and complete lobe contour have not been frozen across source views. The interior pool omits terminal margins.,"Retain the existing approximate ruler candidate, but establish the same organ, complete base/tip and pose/convention in calibrated source views before a comparison.",False
P3.O04.width,P3,width,8.7,photo_supported_approximate,8.7,"[8.4, 9.0]","[""manual_validation_5-plants_28-09/plant-3/Leaf-2/Media (1).jpeg""]","Bottom margin is close to zero and top margin near 8.7 cm. Thumb covers intermediate graduations, but the end regions are visible.",The petiole-to-lobed-blade origin and complete lobe contour have not been frozen across source views. The interior pool omits terminal margins. Exact ruler cross-section correspondence is not established; no maximum-width claim.,"Identify the exact width cross-section on the organ and show both edges with both ruler offsets. If maximum width is desired, explicitly search/record that section rather than reusing an arbitrary photographed section. Retain the existing approximate photo reference only if that same section can be linked.",False
P3.O05.length,P3,length,9.2,photo_supported_approximate,9.2,"[8.9, 9.5]","[""manual_validation_5-plants_28-09/plant-3/Leaf-1/Media.jpeg""]",Transparent ruler shows blade-base region at zero and tip about 9.2 cm. Blade is held flat; this is an approximate chord/projection length.,The lobed blade attachment is next to a crossing stalk; a complete blade origin and photographed width-section edges are not yet isolated in 3D.,"Retain the existing approximate ruler candidate, but establish the same organ, complete base/tip and pose/convention in calibrated source views before a comparison.",False
P3.O05.width,P3,width,7.7,photo_supported_approximate,7.7,"[7.4, 8.0]","[""manual_validation_5-plants_28-09/plant-3/Leaf-1/Media (1).jpeg""]",Transparent ruler shows left margin near zero and right margin near 7.7 cm. Both leaf edges are visible through/along ruler.,The lobed blade attachment is next to a crossing stalk; a complete blade origin and photographed width-section edges are not yet isolated in 3D. Exact ruler cross-section correspondence is not established; no maximum-width claim.,"Identify the exact width cross-section on the organ and show both edges with both ruler offsets. If maximum width is desired, explicitly search/record that section rather than reusing an arbitrary photographed section. Retain the existing approximate photo reference only if that same section can be linked.",False
P3.O06.length,P3,length,7.5,operator_annotation_only,,,"[""manual_validation_5-plants_28-09/plant-3/Leaf-6/Media.jpeg""]",Blade base/zero is hidden by tissue and hand. The approximately 7.5 cm tip location alone cannot establish length.,Organ identity unresolved or tentative; no nearest-shape or dimension-based assignment.,"Identify this organ and declare lamina/petiole/dry-tip and chord/path rules; collect both ruler endpoint offsets unobscured, linked to unchanged-pose calibrated views.",False
P3.O06.width,P3,width,6.3,operator_annotation_only,,,"[""manual_validation_5-plants_28-09/plant-3/Leaf-6/Media (1).jpeg""]",Ruler traverses lobed blade; lower margin and adjacent foreground blade overlap the scale. Exact corresponding endpoints/maximum width remain ambiguous.,Organ identity unresolved or tentative; no nearest-shape or dimension-based assignment. Photographed section is not demonstrated to be maximum width.,"Identify the exact width cross-section on the organ and show both edges with both ruler offsets. If maximum width is desired, explicitly search/record that section rather than reusing an arbitrary photographed section. Obtain a new readable width record; the existing source is operator-only.",False
P4.H01.height,P4,height,52.3,operator_annotation_only,,,"[""manual_validation_5-plants_28-09/plant-4/Media (1).jpeg"", ""manual_validation_5-plants_28-09/plant-4/Media (2).jpeg""]","Two rulers are visible; their joining/overlap point and exact stem-base zero are not simultaneously readable. Top inflorescence is visible, but adding a nominal 30 cm to its upper-ruler reading is unjustified.","Pot-centre origin is obscured by leaves and crossing flowering stems. Region candidate only; no visible stem-base endpoint. Highest retained surface projects to a terminal pale bud/flower cluster, but its exact outermost endpoint and complete depth support remain uncertain.","Apply the plant height action: actual soil-emergence and declared terminal endpoint visible in calibrated overlapping views, with readable zero/tip and ruler join if present.",False
P4.O01.length,P4,length,3,unusable_for_leaf_validation_pending_organ_type,,,"[""manual_validation_5-plants_28-09/plant-4/Leaf-1/Media.jpeg""]",Organ runs along roughly the first 3 cm; distinguishing organ-body base from stalk is unresolved. Closeups appear pod-like; user has not confirmed leaf versus reproductive organ.,Organ identity unresolved or tentative; no nearest-shape or dimension-based assignment. Leaf-versus-pod identity unresolved.,Resolve organ type and branch identity first (P4-A1); then body/stalk convention and an organ-appropriate readable ruler record (P4-A3).,False
P4.O01.width,P4,width,0.2,unusable_for_leaf_validation_pending_organ_type,,,"[""manual_validation_5-plants_28-09/plant-4/Leaf-1/Media (1).jpeg""]",Very narrow organ and ruler/hand obscure both exact width endpoints; 0.2 cm cannot be independently certified. Closeups appear pod-like; user has not confirmed leaf versus reproductive organ.,Organ identity unresolved or tentative; no nearest-shape or dimension-based assignment. Leaf-versus-pod identity unresolved. Photographed section is not demonstrated to be maximum width.,Resolve organ type and branch identity first (P4-A1); then body/stalk convention and an organ-appropriate readable ruler record (P4-A3).,False
P4.O02.length,P4,length,2.8,unusable_for_leaf_validation_pending_organ_type,,,"[""manual_validation_5-plants_28-09/plant-4/Leaf-2/Media.jpeg""]","Curved narrow organ follows roughly 2.8 cm of ruler, but straight chord versus curved body and basal endpoint are unresolved. Closeups appear pod-like; user has not confirmed leaf versus reproductive organ.",Organ identity unresolved or tentative; no nearest-shape or dimension-based assignment. Leaf-versus-pod identity unresolved.,Resolve organ type and branch identity first (P4-A1); then body/stalk convention and an organ-appropriate readable ruler record (P4-A3).,False
P4.O02.width,P4,width,0.5,unusable_for_leaf_validation_pending_organ_type,,,"[""manual_validation_5-plants_28-09/plant-4/Leaf-2/Media (1).jpeg""]",Organ lies partly beneath ruler end; both boundaries are not visible on a common graduated section. Source 0.5 cm remains unverified. Closeups appear pod-like; user has not confirmed leaf versus reproductive organ.,Organ identity unresolved or tentative; no nearest-shape or dimension-based assignment. Leaf-versus-pod identity unresolved. Photographed section is not demonstrated to be maximum width.,Resolve organ type and branch identity first (P4-A1); then body/stalk convention and an organ-appropriate readable ruler record (P4-A3).,False
P4.O03.length,P4,length,2.9,unusable_for_leaf_validation_pending_organ_type,,,"[""manual_validation_5-plants_28-09/plant-4/Leaf-3/Media.jpeg""]","Narrow body is near the first 2.9 cm, but body/stalk endpoint and alignment are not clear enough for a direct accepted reading. Closeups appear pod-like; user has not confirmed leaf versus reproductive organ.",Organ identity unresolved or tentative; no nearest-shape or dimension-based assignment. Leaf-versus-pod identity unresolved.,Resolve organ type and branch identity first (P4-A1); then body/stalk convention and an organ-appropriate readable ruler record (P4-A3).,False
P4.O03.width,P4,width,0.3,unusable_for_leaf_validation_pending_organ_type,,,"[""manual_validation_5-plants_28-09/plant-4/Leaf-3/Media (1).jpeg""]",Organ is above ruler end without both width edges located against graduations. Source 0.3 cm remains unverified. Closeups appear pod-like; user has not confirmed leaf versus reproductive organ.,Organ identity unresolved or tentative; no nearest-shape or dimension-based assignment. Leaf-versus-pod identity unresolved. Photographed section is not demonstrated to be maximum width.,Resolve organ type and branch identity first (P4-A1); then body/stalk convention and an organ-appropriate readable ruler record (P4-A3).,False
P4.O04.length,P4,length,2.9,unusable_for_leaf_validation_pending_organ_type,,,"[""manual_validation_5-plants_28-09/plant-4/Leaf-4/Media.jpeg""]",Elongated organ spans roughly the first 2.9 cm; the body-to-pedicel junction and organ kind are unresolved. Closeups appear pod-like; user has not confirmed leaf versus reproductive organ.,Organ identity unresolved or tentative; no nearest-shape or dimension-based assignment. Leaf-versus-pod identity unresolved.,Resolve organ type and branch identity first (P4-A1); then body/stalk convention and an organ-appropriate readable ruler record (P4-A3).,False
P4.O04.width,P4,width,0.4,unusable_for_leaf_validation_pending_organ_type,,,"[""manual_validation_5-plants_28-09/plant-4/Leaf-4/Media (1).jpeg""]","A narrow green structure spans roughly the first few millimetres, but exact margins/body convention are uncertain. Source 0.4 cm remains unverified. Closeups appear pod-like; user has not confirmed leaf versus reproductive organ.",Organ identity unresolved or tentative; no nearest-shape or dimension-based assignment. Leaf-versus-pod identity unresolved. Photographed section is not demonstrated to be maximum width.,Resolve organ type and branch identity first (P4-A1); then body/stalk convention and an organ-appropriate readable ruler record (P4-A3).,False
P5.H01.height,P5,height,31.8,operator_annotation_only,,,"[""manual_validation_5-plants_28-09/plant-5/Media (1).jpeg""]",The saved height photo shows a 30 cm ruler and the highest leaf extends beyond the visible calibrated end. Base alignment is partly hidden. Do not extrapolate an unseen 31.8 cm graduation.,"Radial petiole junction and lower curved stem are visible; actual soil-emergence point is hidden by the stem/leaf cluster. Highest retained points project to the terminal margin of the left-facing lobed green O05 leaf candidate, a plausible top surface. This does not establish all-terminal completeness or the stem origin.","Apply the plant height action: actual soil-emergence and declared terminal endpoint visible in calibrated overlapping views, with readable zero/tip and ruler join if present.",False
P5.O01.length,P5,length,12,operator_annotation_only,,,"[""manual_validation_5-plants_28-09/plant-5/leaf-4/Media.jpeg""]",Opaque ruler and thumb hide the length tip/base alignment. Blade damage and lobes make source 12 cm not independently recoverable.,The blade has curled damaged/necrotic margins; the rule for including folded dry tissue and full basal boundary is not frozen. Source ruler length was not independently readable.,"Identify this organ and declare lamina/petiole/dry-tip and chord/path rules; collect both ruler endpoint offsets unobscured, linked to unchanged-pose calibrated views.",False
P5.O01.width,P5,width,9.9,photo_supported_approximate,9.8,"[9.4, 10.2]","[""manual_validation_5-plants_28-09/plant-5/leaf-4/Media (1).jpeg""]","Opposite lobed margins lie near 0.3 and 10.1 cm, giving about 9.8 cm. Hand-held damaged blade and ruler plane limit precision.",The blade has curled damaged/necrotic margins; the rule for including folded dry tissue and full basal boundary is not frozen. Source ruler length was not independently readable. Exact ruler cross-section correspondence is not established; no maximum-width claim.,"Identify the exact width cross-section on the organ and show both edges with both ruler offsets. If maximum width is desired, explicitly search/record that section rather than reusing an arbitrary photographed section. Retain the existing approximate photo reference only if that same section can be linked.",False
P5.O02.length,P5,length,8,operator_annotation_only,,,"[""manual_validation_5-plants_28-09/plant-5/leaf-3/Media.jpeg""]",Small central blade lies behind ruler and hand; one endpoint is occluded. The 8 cm annotation is retained but no unseen tip/base is inferred.,The small central blade base is adjacent to the crowded petiole fork; its exact lamina origin and obscured ruler endpoints are unresolved.,"Identify this organ and declare lamina/petiole/dry-tip and chord/path rules; collect both ruler endpoint offsets unobscured, linked to unchanged-pose calibrated views.",False
P5.O02.width,P5,width,4.8,operator_annotation_only,,,"[""manual_validation_5-plants_28-09/plant-5/leaf-3/Media (1).jpeg""]",Ruler and thumb overlap the small central blade. One width margin is hidden; a visible end near 5 cm does not independently establish source 4.8 cm.,The small central blade base is adjacent to the crowded petiole fork; its exact lamina origin and obscured ruler endpoints are unresolved. Exact ruler cross-section correspondence is not established; no maximum-width claim.,"Identify the exact width cross-section on the organ and show both edges with both ruler offsets. If maximum width is desired, explicitly search/record that section rather than reusing an arbitrary photographed section. Obtain a new readable width record; the existing source is operator-only.",False
P5.O03.length,P5,length,11.9,operator_annotation_only,,,"[""manual_validation_5-plants_28-09/plant-5/leaf-2/Media.jpeg""]","Brown curled leaf has a projecting papery tip away from ruler axis, with zero/body base obscured by neighboring tissue. Source 11.9 cm cannot be independently recovered.",The rust-brown blade has rolled papery margins and lobes that change pose in the held ruler photo. Complete homologous tip/base and section edges are not frozen.,"Identify this organ and declare lamina/petiole/dry-tip and chord/path rules; collect both ruler endpoint offsets unobscured, linked to unchanged-pose calibrated views.",False
P5.O03.width,P5,width,11.7,photo_supported_approximate,11.7,"[11.2, 12.2]","[""manual_validation_5-plants_28-09/plant-5/leaf-2/Media (1).jpeg""]",Brown blade lower margin is close to zero and upper lobe near 11.7 cm. Both silhouette endpoints are visible but curling and plane mismatch warrant a broad interval.,The rust-brown blade has rolled papery margins and lobes that change pose in the held ruler photo. Complete homologous tip/base and section edges are not frozen. Exact ruler cross-section correspondence is not established; no maximum-width claim.,"Identify the exact width cross-section on the organ and show both edges with both ruler offsets. If maximum width is desired, explicitly search/record that section rather than reusing an arbitrary photographed section. Retain the existing approximate photo reference only if that same section can be linked.",False
P5.O04.length,P5,length,12.9,photo_supported_approximate,12.9,"[12.6, 13.2]","[""manual_validation_5-plants_28-09/plant-5/leaf-1/Media.jpeg""]","Green blade base is near zero and upper tip near 12.9 cm beside the ruler. Approximate straight, hand-held length.","A 12.149 cm terminal-lamina chord is available, but the ruler includes basal lobes toward a lower zero. The raw terminal-lamina origin is not homologous to that ruler origin; no residual is computed.",P5-A1: link the lower basal-lobe origin in the ruler photograph to the in-situ organ; existing 12.149 cm terminal-lamina chord is partial.,False
P5.O04.width,P5,width,9,photo_supported_approximate,9.0,"[8.7, 9.3]","[""manual_validation_5-plants_28-09/plant-5/leaf-1/Media (1).jpeg""]",Visible margins span approximately zero to 9.0 cm at the photographed cross-section.,"A 12.149 cm terminal-lamina chord is available, but the ruler includes basal lobes toward a lower zero. The raw terminal-lamina origin is not homologous to that ruler origin; no residual is computed. Exact ruler cross-section correspondence is not established; no maximum-width claim.","Identify the exact width cross-section on the organ and show both edges with both ruler offsets. If maximum width is desired, explicitly search/record that section rather than reusing an arbitrary photographed section. Retain the existing approximate photo reference only if that same section can be linked.",False
P5.O05.length,P5,length,13.2,operator_annotation_only,,,"[""manual_validation_5-plants_28-09/plant-5/leaf-5/Media.jpeg""]","Ruler extends from petiole-side tissue to tip near 13 cm, but blade-only base versus petiole inclusion is unresolved. Do not assume source 13.2 cm uses the same 3D leaf endpoint.","The ruler length base-versus-petiole inclusion is unresolved, and the in-situ leaf is lobed/curved. The full homologous origin and photographed width section are not frozen.","Identify this organ and declare lamina/petiole/dry-tip and chord/path rules; collect both ruler endpoint offsets unobscured, linked to unchanged-pose calibrated views.",False
P5.O05.width,P5,width,7.8,photo_supported_approximate,7.6,"[7.2, 8.0]","[""manual_validation_5-plants_28-09/plant-5/leaf-5/Media (1).jpeg""]","Visible margins along diagonal ruler are approximately 0.1 and 7.7 cm, giving about 7.6 cm. Lobes/curl and perspective make source 7.8 cm indistinguishable within the broad reading interval.","The ruler length base-versus-petiole inclusion is unresolved, and the in-situ leaf is lobed/curved. The full homologous origin and photographed width section are not frozen. Exact ruler cross-section correspondence is not established; no maximum-width claim.","Identify the exact width cross-section on the organ and show both edges with both ruler offsets. If maximum width is desired, explicitly search/record that section rather than reusing an arbitrary photographed section. Retain the existing approximate photo reference only if that same section can be linked.",False
