action_id,specimen_id,kind,instruction,minimum_new_evidence,resolves,status
P1-A1,P1,definition_and_identity,Mark O01–O04 on one unobstructed context image showing the cereal stem nodes. Record awn/dry-tip policy and separate ear from blades.,One context photograph plus written endpoint decisions; no ruler needed.,O01/O02 identity; O03 dry-tip and O04 ear-body definition,not_collected; requires unchanged historical state or a new paired dataset
P1-A2,P1,new_height_evidence,Expose the soil-emergence junction without changing the pose being measured. Photograph full stem with scale zero and the declared highest terminal structure; add an oblique view that also sees both.,"Start with two calibrated oblique/full-plant views, one with a readable in-plane scale. Add close-ups only where base or fine terminal pixels are not legible.",Height endpoints and scale reference; no saved P1 height-ruler image exists,not_collected; requires unchanged historical state or a new paired dataset
P1-A3,P1,new_terminal_geometry,"Capture sharp overlapping close-ups of the O03 dry tip and O04 distal body/awn junction, linked to the context view.",Two calibrated overlapping close-ups; combine both structures in a pair if visible sharply.,Missing fine-tip/body endpoint geometry,not_collected; requires unchanged historical state or a new paired dataset
P1-A4,P1,targeted_ruler_repeat,"With organ identity retained, show both ruler endpoint offsets for O01 blade length and O04 ear-body width. For other widths mark the photographed section on the organ.",One readable length image for O01 and one width image for O04; existing readable ruler values need not be repeated merely to fit the reconstruction.,Operator-only organ references and section identity,not_collected; requires unchanged historical state or a new paired dataset
P2-A1,P2,identity,"Label the two measured leaves at their attachment nodes, with an oblique view showing each node and full blade through the crown.",One labelled context image and a second oblique view if either node is hidden.,O01 tentative and O02 unresolved correspondence,not_collected; requires unchanged historical state or a new paired dataset
P2-A2,P2,new_height_evidence,"Show the actual soil junction, curved stem and declared highest structure with a readable scale zero and tip. If using two rulers, show both readings at their common join.","Start with two calibrated oblique views; include a full-range ruler in one, or add one join close-up if the ruler overlap cannot be read.","Height origin, very tip and ruler-offset evidence",not_collected; requires unchanged historical state or a new paired dataset
P2-A3,P2,targeted_ruler_repeat,Measure labelled O01 with both length endpoint readings and both edges at the chosen width section visible. Keep the held/flattened versus in-situ pose documented.,"One length and one section-width close-up; if O02 can be unambiguously linked to its existing photos, retain those approximate references.",O01 operator-only dimensions; explicit pose/section definition,not_collected; requires unchanged historical state or a new paired dataset
P3-A1,P3,definition_and_reference,"On O03, mark the lowest lamina boundary and apex used for the existing chord, state petiole/small-lobe inclusion, and photograph both ruler readings unobscured.",One labelled blade context/length image if both boundaries are visible; retain unflattened pose or record pose change.,One existing candidate chord with only operator-reported reference,not_collected; requires unchanged historical state or a new paired dataset
P3-A2,P3,identity_and_boundaries,Show O06 attachment and the basal lobes of O01/O02/O04/O05 without crossing stems hiding them. Link each to its stable O ID.,Start with two opposing oblique crown views that expose the relevant nodes; add a node close-up only where a boundary remains hidden.,O06 identity and complete source-supported blade origins,not_collected; requires unchanged historical state or a new paired dataset
P3-A3,P3,new_height_evidence,Show soil-level stem origin and terminal flowering-stalk point with a readable full-range scale. Record two-ruler overlap if used.,Two calibrated oblique/full-plant views; one in-plane readable height reference or an extra join close-up.,Actual height endpoint pair and independent ruler sum,not_collected; requires unchanged historical state or a new paired dataset
P3-A4,P3,targeted_ruler_repeat,"After identities/definitions, collect readable length endpoints for O01/O02/O06 and section-width edges for O02/O03/O06; retain existing approximate O01-width/O04/O05 references only if their sections and endpoints can be linked.",Three length and three width close-ups at most; combine views where both measurements are independently readable. O03 length is covered by A1.,"Remaining operator-only organ dimensions, not a repeat of every readable photo",not_collected; requires unchanged historical state or a new paired dataset
P4-A1,P4,organ_type_and_identity,"Label O01–O04 at their branch attachments and record organ type. Photograph each intact connection, body and distal end.",One labelled context plus close-up views sufficient to trace all four connections; start with two opposite oblique branch views.,Leaf-versus-pod decision and all four unresolved identities,not_collected; requires unchanged historical state or a new paired dataset
P4-A2,P4,new_height_evidence,Expose soil emergence and terminal bud/flower in the same unchanged pose; show zero and tip against a full-range scale.,"Two calibrated oblique/full-plant views, one readable scale reference; add join close-up only if using two rulers.",Height origin and certified terminal endpoint,not_collected; requires unchanged historical state or a new paired dataset
P4-A3,P4,organ_specific_reference,"After A1, measure each defined organ body length and chosen width section with both endpoint offsets visible. Use a scale legible at the narrow width; record instrument resolution.",One length and one width view per organ (up to eight); combine only when all relevant endpoints remain independently readable.,New organ-appropriate reference set; never silently promote pod widths to leaf widths,not_collected; requires unchanged historical state or a new paired dataset
P5-A1,P5,definition_and_boundaries,"Photograph O04 from its lowest declared lamina/lobe origin to apex, connected to the radial fork; mark the old terminal-lamina chord separately. State petiole inclusion for O05 and dry-margin handling for O01/O03.",One labelled O04 context close-up plus an oblique view if the lower origin is hidden; definitions recorded in writing.,Partial-versus-full O04 distinction and explicit damaged/basal tissue rules,not_collected; requires unchanged historical state or a new paired dataset
P5-A2,P5,new_height_evidence,Show the actual soil-emergence point and declared highest leaf/tip against a ruler spanning the whole plant.,"Two calibrated oblique/full-plant views, one readable full-height scale reference; avoid extrapolating beyond a ruler end.",Hidden base and unobserved upper calibrated graduation,not_collected; requires unchanged historical state or a new paired dataset
P5-A3,P5,targeted_ruler_repeat,"After definitions, show length offsets for O01/O02/O03/O05 and both width-section edges of small central O02. Preserve a labelled unflattened context before holding any blade.",Four length and one width close-up at most; O04 can reuse its approximate reference only after the same basal origin is linked.,Operator-only dimensions and explicit held-versus-in-situ pose,not_collected; requires unchanged historical state or a new paired dataset
