chord_id,scope,baseline_conditional_cm,hypothetical_scale_change_percent,uniform_scale_factor,scenario_distance_cm,change_from_baseline_cm,scenario_kind,physical_accuracy_validated
P1.O03.observed_blade_extent,Reconstructed upper narrow blade portion; the thin dry terminal tip is not included.,5.642877354066358,-5,0.95,5.360733486363039,-0.2821438677033182,hypothetical only; not inferred uncertainty,False
P1.O03.observed_blade_extent,Reconstructed upper narrow blade portion; the thin dry terminal tip is not included.,5.642877354066358,-2,0.98,5.530019806985031,-0.11285754708132725,hypothetical only; not inferred uncertainty,False
P1.O03.observed_blade_extent,Reconstructed upper narrow blade portion; the thin dry terminal tip is not included.,5.642877354066358,-1,0.99,5.586448580525694,-0.056428773540663626,hypothetical only; not inferred uncertainty,False
P1.O03.observed_blade_extent,Reconstructed upper narrow blade portion; the thin dry terminal tip is not included.,5.642877354066358,0,1.0,5.642877354066358,0.0,hypothetical only; not inferred uncertainty,False
P1.O03.observed_blade_extent,Reconstructed upper narrow blade portion; the thin dry terminal tip is not included.,5.642877354066358,1,1.01,5.699306127607022,0.056428773540663626,hypothetical only; not inferred uncertainty,False
P1.O03.observed_blade_extent,Reconstructed upper narrow blade portion; the thin dry terminal tip is not included.,5.642877354066358,2,1.02,5.755734901147685,0.11285754708132725,hypothetical only; not inferred uncertainty,False
P1.O03.observed_blade_extent,Reconstructed upper narrow blade portion; the thin dry terminal tip is not included.,5.642877354066358,5,1.05,5.9250212217696765,0.2821438677033182,hypothetical only; not inferred uncertainty,False
P3.O03.blade_chord,Oval blade lowest visible basal-lamina junction to terminal margin straight chord candidate.,7.475255446013435,-5,0.95,7.101492673712762,-0.37376277230067206,hypothetical only; not inferred uncertainty,False
P3.O03.blade_chord,Oval blade lowest visible basal-lamina junction to terminal margin straight chord candidate.,7.475255446013435,-2,0.98,7.325750337093166,-0.14950510892026883,hypothetical only; not inferred uncertainty,False
P3.O03.blade_chord,Oval blade lowest visible basal-lamina junction to terminal margin straight chord candidate.,7.475255446013435,-1,0.99,7.4005028915533,-0.07475255446013442,hypothetical only; not inferred uncertainty,False
P3.O03.blade_chord,Oval blade lowest visible basal-lamina junction to terminal margin straight chord candidate.,7.475255446013435,0,1.0,7.475255446013435,0.0,hypothetical only; not inferred uncertainty,False
P3.O03.blade_chord,Oval blade lowest visible basal-lamina junction to terminal margin straight chord candidate.,7.475255446013435,1,1.01,7.55000800047357,0.07475255446013442,hypothetical only; not inferred uncertainty,False
P3.O03.blade_chord,Oval blade lowest visible basal-lamina junction to terminal margin straight chord candidate.,7.475255446013435,2,1.02,7.624760554933704,0.14950510892026883,hypothetical only; not inferred uncertainty,False
P3.O03.blade_chord,Oval blade lowest visible basal-lamina junction to terminal margin straight chord candidate.,7.475255446013435,5,1.05,7.849018218314107,0.37376277230067206,hypothetical only; not inferred uncertainty,False
P5.O04.terminal_lamina_chord,Visible terminal lamina portion only; basal lobes/petiole-side origin are not included.,12.148629537473008,-5,0.95,11.541198060599356,-0.607431476873651,hypothetical only; not inferred uncertainty,False
P5.O04.terminal_lamina_chord,Visible terminal lamina portion only; basal lobes/petiole-side origin are not included.,12.148629537473008,-2,0.98,11.905656946723548,-0.24297259074946037,hypothetical only; not inferred uncertainty,False
P5.O04.terminal_lamina_chord,Visible terminal lamina portion only; basal lobes/petiole-side origin are not included.,12.148629537473008,-1,0.99,12.027143242098278,-0.12148629537473019,hypothetical only; not inferred uncertainty,False
P5.O04.terminal_lamina_chord,Visible terminal lamina portion only; basal lobes/petiole-side origin are not included.,12.148629537473008,0,1.0,12.148629537473008,0.0,hypothetical only; not inferred uncertainty,False
P5.O04.terminal_lamina_chord,Visible terminal lamina portion only; basal lobes/petiole-side origin are not included.,12.148629537473008,1,1.01,12.270115832847738,0.12148629537473019,hypothetical only; not inferred uncertainty,False
P5.O04.terminal_lamina_chord,Visible terminal lamina portion only; basal lobes/petiole-side origin are not included.,12.148629537473008,2,1.02,12.391602128222468,0.24297259074946037,hypothetical only; not inferred uncertainty,False
P5.O04.terminal_lamina_chord,Visible terminal lamina portion only; basal lobes/petiole-side origin are not included.,12.148629537473008,5,1.05,12.75606101434666,0.607431476873651,hypothetical only; not inferred uncertainty,False
