id,plant_id,organ_id,dimension,organ_kind,annotation_cm,ruler_cm,ruler_approximate_interval_cm,estimate_cm,estimate_unit,status,reason,reference_category,correspondence_status,eligible_for_accuracy_statistics,units_independently_confirmed,signed_difference_from_operator_annotation_cm,annotation_photo,ruler_photos,ruler_photo_thumbnails,source_annotation_evidence_path,source_supporting_evidence_paths,photo_evidence_limit,minimum_resolution_action,board_dimensions_operator_confirmed,historical_exclusion_reason,comparison_id
P1.H01.height,P1,P1.H01,height,whole_plant,53.5,,,,board-referenced cm; anatomical validation unavailable,excluded_true_base_and_very_tip_unresolved,Dry blades overlap narrow stems at the soil junction; the measured stem origin cannot be isolated. Highest retained surface projects to the upper green blade tip. Cereal ear awns extend beyond the dense ear body and are incompletely reconstructed; the very highest biological tip is not certified.,operator_annotation_only,specimen_identity_supported_endpoint_pair_unresolved,False,False,,manual_reference/plant-1_measurements.jpeg,[],[],manual_validation_5-plants_28-09/plant-1_measurements.jpeg,[],No supporting height-ruler photograph is present. The annotated overview supplies 53.5 cm only; the board in shared image.jpeg is not a height-ruler observation.,"Apply the plant height action: actual soil-emergence and declared terminal endpoint visible in calibrated overlapping views, with readable zero/tip and ruler join if present.",True,Dry blades overlap narrow stems at the soil junction; the measured stem origin cannot be isolated. Highest retained surface projects to the upper green blade tip. Cereal ear awns extend beyond the dense ear body and are incompletely reconstructed; the very highest biological tip is not certified.,
P1.O01.length,P1,P1.O01,length,leaf,12.5,,,,board-referenced cm; anatomical validation unavailable,excluded_correspondence_not_established,Organ identity unresolved or tentative; no nearest-shape or dimension-based assignment.,operator_annotation_only,unresolved,False,False,,manual_reference/plant-1_measurements.jpeg,"[""manual_reference/plant-1/Media (3).jpeg""]","[""assets/reference_02.jpg""]",manual_validation_5-plants_28-09/plant-1_measurements.jpeg,"[""manual_validation_5-plants_28-09/plant-1/Media (3).jpeg""]",Ruler and long blade diverge. Dry tip and basal endpoint are not both located against the same ruler axis clearly enough to recover 12.5 cm independently.,"Identify this organ and declare lamina/petiole/dry-tip and chord/path rules; collect both ruler endpoint offsets unobscured, linked to unchanged-pose calibrated views.",True,Organ identity unresolved or tentative; no nearest-shape or dimension-based assignment.,
P1.O01.width,P1,P1.O01,width,leaf,1,1.1,"[0.9, 1.3]",,board-referenced cm; anatomical validation unavailable,excluded_correspondence_not_established,Organ identity unresolved or tentative; no nearest-shape or dimension-based assignment. Photographed section is not demonstrated to be maximum width.,photo_supported_approximate,unresolved,False,False,,manual_reference/plant-1_measurements.jpeg,"[""manual_reference/plant-1/Media (4).jpeg""]","[""assets/reference_03.jpg""]",manual_validation_5-plants_28-09/plant-1_measurements.jpeg,"[""manual_validation_5-plants_28-09/plant-1/Media (4).jpeg""]","Visible blade margins span roughly 0.0 to 1.1 cm on the reversed scale. This is the photographed section, not demonstrated maximum blade width.","Identify the exact width cross-section on the organ and show both edges with both ruler offsets. If maximum width is desired, explicitly search/record that section rather than reusing an arbitrary photographed section. Retain the existing approximate photo reference only if that same section can be linked.",True,Organ identity unresolved or tentative; no nearest-shape or dimension-based assignment. Photographed section is not demonstrated to be maximum width.,
P1.O02.length,P1,P1.O02,length,leaf,10.9,10.9,"[10.6, 11.2]",,board-referenced cm; anatomical validation unavailable,excluded_correspondence_not_established,Organ identity unresolved or tentative; no nearest-shape or dimension-based assignment.,photo_supported_approximate,candidate_medium,False,False,,manual_reference/plant-1_measurements.jpeg,"[""manual_reference/plant-1/Media (1).jpeg""]","[""assets/reference_00.jpg""]",manual_validation_5-plants_28-09/plant-1_measurements.jpeg,"[""manual_validation_5-plants_28-09/plant-1/Media (1).jpeg""]",Tip is close to the ruler zero and blade attachment is near 10.9 cm. Approximate straight projected length; curved midrib length is not established.,"Retain the existing approximate ruler candidate, but establish the same organ, complete base/tip and pose/convention in calibrated source views before a comparison.",True,Organ identity unresolved or tentative; no nearest-shape or dimension-based assignment.,
P1.O02.width,P1,P1.O02,width,leaf,1,1.0,"[0.8, 1.2]",,board-referenced cm; anatomical validation unavailable,excluded_correspondence_not_established,Organ identity unresolved or tentative; no nearest-shape or dimension-based assignment. Photographed section is not demonstrated to be maximum width.,photo_supported_approximate,candidate_medium,False,False,,manual_reference/plant-1_measurements.jpeg,"[""manual_reference/plant-1/Media (2).jpeg""]","[""assets/reference_01.jpg""]",manual_validation_5-plants_28-09/plant-1_measurements.jpeg,"[""manual_validation_5-plants_28-09/plant-1/Media (2).jpeg""]",Two visible blade margins bracket roughly one centimetre interval. Zero alignment and slight blade angle limit precision.,"Identify the exact width cross-section on the organ and show both edges with both ruler offsets. If maximum width is desired, explicitly search/record that section rather than reusing an arbitrary photographed section. Retain the existing approximate photo reference only if that same section can be linked.",True,Organ identity unresolved or tentative; no nearest-shape or dimension-based assignment. Photographed section is not demonstrated to be maximum width.,
P1.O03.length,P1,P1.O03,length,leaf,7.3,7.3,"[7.0, 7.6]",,board-referenced cm; anatomical validation unavailable,partial_chord_available_not_whole_organ_comparison,"The true fine dry tip has zero supported cleaned points inside a 4px source disk at frame143152 [983,354]. The measured 5.806 cm chord ends inside the blade and is only partial observed extent.",photo_supported_approximate,source_identity_supported_high,False,False,,manual_reference/plant-1_measurements.jpeg,"[""manual_reference/plant-1/Media (5).jpeg""]","[""assets/reference_04.jpg""]",manual_validation_5-plants_28-09/plant-1_measurements.jpeg,"[""manual_validation_5-plants_28-09/plant-1/Media (5).jpeg""]",Transparent ruler shows the blade base close to zero and tip near 7.3 cm. Approximate projected blade length.,P1-A3: obtain overlapping sharp geometry of the fine dry tip. Existing partial 5.806 cm extent cannot become full length through scale adjustment.,True,"The true fine dry tip has zero supported cleaned points inside a 4px source disk at frame143152 [983,354]. The measured 5.643 cm chord ends inside the blade and is only partial observed extent.",
P1.O03.width,P1,P1.O03,width,leaf,9,0.8,"[0.6, 1.0]",,board-referenced cm; anatomical validation unavailable,excluded_homologous_geometry_or_definition_unresolved,"The true fine dry tip has zero supported cleaned points inside a 4px source disk at frame143152 [983,354]. The measured 5.806 cm chord ends inside the blade and is only partial observed extent. Exact ruler cross-section correspondence is not established; no maximum-width claim.",photo_supported_approximate,source_identity_supported_high,False,False,,manual_reference/plant-1_measurements.jpeg,"[""manual_reference/plant-1/Media (6).jpeg""]","[""assets/reference_05.jpg""]",manual_validation_5-plants_28-09/plant-1_measurements.jpeg,"[""manual_validation_5-plants_28-09/plant-1/Media (6).jpeg""]",Enlarged original crop shows left blade edge near 0.2 cm and right edge near 1.0 cm. Subtracting endpoints gives approximately 0.8 cm. The original annotation explicitly says 9 cm and is retained. Earlier 0.9 cm proposal lies within the photo reading interval but is not imposed as exact ground truth.,"Identify the exact width cross-section on the organ and show both edges with both ruler offsets. If maximum width is desired, explicitly search/record that section rather than reusing an arbitrary photographed section. Retain the existing approximate photo reference only if that same section can be linked.",True,"The true fine dry tip has zero supported cleaned points inside a 4px source disk at frame143152 [983,354]. The measured 5.643 cm chord ends inside the blade and is only partial observed extent. Exact ruler cross-section correspondence is not established; no maximum-width claim.",
P1.O04.length,P1,P1.O04,length,ear,6.5,6.4,"[6.1, 6.7]",,board-referenced cm; anatomical validation unavailable,excluded_homologous_geometry_or_definition_unresolved,"The distal ear-body endpoint has zero supported cleaned points in the 4px source disk at frame459309 [157,469]. No farther nearest point is substituted. Ear body and awns also need a shared boundary rule.",photo_supported_approximate,source_identity_supported_high,False,False,,manual_reference/plant-1_measurements.jpeg,"[""manual_reference/plant-1/Media (7).jpeg""]","[""assets/reference_06.jpg""]",manual_validation_5-plants_28-09/plant-1_measurements.jpeg,"[""manual_validation_5-plants_28-09/plant-1/Media (7).jpeg""]",Ear body begins about 0.3 cm and ends about 6.7 cm along ruler: approximately 6.4 cm excluding projecting awns. Ear body versus awns must be defined for 3D comparison.,P1-A3: recover the distal ear-body endpoint and define body-versus-awn boundary. Keep ear outside leaf statistics.,True,"The distal ear-body endpoint has zero supported cleaned points in the 4px source disk at frame459309 [157,469]. No farther nearest point is substituted. Ear body and awns also need a shared boundary rule.",
P1.O04.width,P1,P1.O04,width,ear,1.6,,,,board-referenced cm; anatomical validation unavailable,excluded_homologous_geometry_or_definition_unresolved,"The distal ear-body endpoint has zero supported cleaned points in the 4px source disk at frame459309 [157,469]. No farther nearest point is substituted. Ear body and awns also need a shared boundary rule. Exact ruler cross-section correspondence is not established; no maximum-width claim.",operator_annotation_only,source_identity_supported_high,False,False,,manual_reference/plant-1_measurements.jpeg,"[""manual_reference/plant-1/Media (8).jpeg""]","[""assets/reference_07.jpg""]",manual_validation_5-plants_28-09/plant-1_measurements.jpeg,"[""manual_validation_5-plants_28-09/plant-1/Media (8).jpeg""]",Glumes and awns overlap the ruler and outer edges. The 1.6 cm annotation may include projecting structures; no defensible single body or maximum-width reading is recoverable.,"Identify the exact width cross-section on the organ and show both edges with both ruler offsets. If maximum width is desired, explicitly search/record that section rather than reusing an arbitrary photographed section. Obtain a new readable width record; the existing source is operator-only.",True,"The distal ear-body endpoint has zero supported cleaned points in the 4px source disk at frame459309 [157,469]. No farther nearest point is substituted. Ear body and awns also need a shared boundary rule. Exact ruler cross-section correspondence is not established; no maximum-width claim.",
P2.H01.height,P2,P2.H01,height,whole_plant,51.7,,,,board-referenced cm; anatomical validation unavailable,excluded_true_base_and_very_tip_unresolved,"Exposed curved green basal stem is visible against soil, but its precise emergence and measurement zero are unresolved. Highest retained points project to a curled yellowing edge and nearby overlapping tissue. Small terminal buds and curled margins are not a unique certified top endpoint.",operator_annotation_only,specimen_identity_supported_endpoint_pair_unresolved,False,False,,manual_reference/plant-2_measurements_02.png,"[""manual_reference/plant-2/Media (1).jpeg"", ""manual_reference/plant-2/Media (2).jpeg"", ""manual_reference/plant-2/Media (3).jpeg""]","[""assets/reference_13.jpg"", ""assets/reference_14.jpg"", ""assets/reference_15.jpg""]",manual_validation_5-plants_28-09/plant-2_measurements_02.png,"[""manual_validation_5-plants_28-09/plant-2/Media (1).jpeg"", ""manual_validation_5-plants_28-09/plant-2/Media (2).jpeg"", ""manual_validation_5-plants_28-09/plant-2/Media (3).jpeg""]","Two-ruler setup is visible, but hand/plant obscures an unambiguous lower ruler zero or joining offset. Highest curled tip also changes pose between photographs. Cannot independently recompute 51.7 cm to 0.1 cm.","Apply the plant height action: actual soil-emergence and declared terminal endpoint visible in calibrated overlapping views, with readable zero/tip and ruler join if present.",True,"Exposed curved green basal stem is visible against soil, but its precise emergence and measurement zero are unresolved. Highest retained points project to a curled yellowing edge and nearby overlapping tissue. Small terminal buds and curled margins are not a unique certified top endpoint.",
P2.O01.length,P2,P2.O01,length,leaf,5,,,,board-referenced cm; anatomical validation unavailable,excluded_correspondence_not_established,Organ identity unresolved or tentative; no nearest-shape or dimension-based assignment.,operator_annotation_only,candidate_medium,False,False,,manual_reference/plant-2_measurements_01.png,"[""manual_reference/plant-2/Leaf-1/Media.jpeg""]","[""assets/reference_10.jpg""]",manual_validation_5-plants_28-09/plant-2_measurements_01.png,"[""manual_validation_5-plants_28-09/plant-2/Leaf-1/Media.jpeg""]",Tip is near the 5 cm region but ruler zero/basal blade endpoint lies among overlapping curled tissue. Do not equate a tip graduation with blade length without a visible base.,"Identify this organ and declare lamina/petiole/dry-tip and chord/path rules; collect both ruler endpoint offsets unobscured, linked to unchanged-pose calibrated views.",True,Organ identity unresolved or tentative; no nearest-shape or dimension-based assignment.,
P2.O01.width,P2,P2.O01,width,leaf,2.7,,,,board-referenced cm; anatomical validation unavailable,excluded_correspondence_not_established,Organ identity unresolved or tentative; no nearest-shape or dimension-based assignment. Photographed section is not demonstrated to be maximum width.,operator_annotation_only,candidate_medium,False,False,,manual_reference/plant-2_measurements_01.png,"[""manual_reference/plant-2/Leaf-1/Media (1).jpeg""]","[""assets/reference_09.jpg""]",manual_validation_5-plants_28-09/plant-2_measurements_01.png,"[""manual_validation_5-plants_28-09/plant-2/Leaf-1/Media (1).jpeg""]",Opaque ruler hides the full width section and blade is curled. The visible margins near the ruler do not prove the maximum width or the exact 2.7 cm annotation.,"Identify the exact width cross-section on the organ and show both edges with both ruler offsets. If maximum width is desired, explicitly search/record that section rather than reusing an arbitrary photographed section. Obtain a new readable width record; the existing source is operator-only.",True,Organ identity unresolved or tentative; no nearest-shape or dimension-based assignment. Photographed section is not demonstrated to be maximum width.,
P2.O02.length,P2,P2.O02,length,leaf,3.9,3.9,"[3.6, 4.2]",,board-referenced cm; anatomical validation unavailable,excluded_correspondence_not_established,Organ identity unresolved or tentative; no nearest-shape or dimension-based assignment.,photo_supported_approximate,unresolved,False,False,,manual_reference/plant-2_measurements_01.png,"[""manual_reference/plant-2/Leaf-2/Media.jpeg""]","[""assets/reference_12.jpg""]",manual_validation_5-plants_28-09/plant-2_measurements_01.png,"[""manual_validation_5-plants_28-09/plant-2/Leaf-2/Media.jpeg""]",Held blade extends approximately from 0.1 to 4.0 cm; attachment/terminal margins are visible beside ruler but do not support millimetre precision.,"Retain the existing approximate ruler candidate, but establish the same organ, complete base/tip and pose/convention in calibrated source views before a comparison.",True,Organ identity unresolved or tentative; no nearest-shape or dimension-based assignment.,
P2.O02.width,P2,P2.O02,width,leaf,3.4,3.5,"[3.2, 3.8]",,board-referenced cm; anatomical validation unavailable,excluded_correspondence_not_established,Organ identity unresolved or tentative; no nearest-shape or dimension-based assignment. Photographed section is not demonstrated to be maximum width.,photo_supported_approximate,unresolved,False,False,,manual_reference/plant-2_measurements_01.png,"[""manual_reference/plant-2/Leaf-2/Media (1).jpeg""]","[""assets/reference_11.jpg""]",manual_validation_5-plants_28-09/plant-2_measurements_01.png,"[""manual_validation_5-plants_28-09/plant-2/Leaf-2/Media (1).jpeg""]","Upper leaf margin is around 0.4 cm and opposite margin around 3.9 cm. Endpoint subtraction gives about 3.5 cm, consistent with but not copied from source 3.4 cm.","Identify the exact width cross-section on the organ and show both edges with both ruler offsets. If maximum width is desired, explicitly search/record that section rather than reusing an arbitrary photographed section. Retain the existing approximate photo reference only if that same section can be linked.",True,Organ identity unresolved or tentative; no nearest-shape or dimension-based assignment. Photographed section is not demonstrated to be maximum width.,
P3.H01.height,P3,P3.H01,height,whole_plant,52.8,,,,board-referenced cm; anatomical validation unavailable,excluded_true_base_and_very_tip_unresolved,"Purple/green petiole junction is visible, but the soil-level stem origin is beneath overlapping tissue. Branch-junction region only. Highest retained points lie in overlapping distal stalk/leaf tissue near the lower image edge. Long flowering-stem extremities and true terminal point are not fully resolved.",operator_annotation_only,specimen_identity_supported_endpoint_pair_unresolved,False,False,,manual_reference/plant-3_measurements_02.png,"[""manual_reference/plant-3/Media (1).jpeg"", ""manual_reference/plant-3/Media (2).jpeg"", ""manual_reference/plant-3/Media (3).jpeg""]","[""assets/reference_30.jpg"", ""assets/reference_31.jpg"", ""assets/reference_32.jpg""]",manual_validation_5-plants_28-09/plant-3_measurements_02.png,"[""manual_validation_5-plants_28-09/plant-3/Media (1).jpeg"", ""manual_validation_5-plants_28-09/plant-3/Media (2).jpeg"", ""manual_validation_5-plants_28-09/plant-3/Media (3).jpeg""]",Hand covers the ruler junction; the whole-plant frame does not show an unambiguous stem-base zero. Media (2).jpeg and Media (3).jpeg are byte-identical. No independent 52.8 cm sum can be justified.,"Apply the plant height action: actual soil-emergence and declared terminal endpoint visible in calibrated overlapping views, with readable zero/tip and ruler join if present.",True,"Purple/green petiole junction is visible, but the soil-level stem origin is beneath overlapping tissue. Branch-junction region only. Highest retained points lie in overlapping distal stalk/leaf tissue near the lower image edge. Long flowering-stem extremities and true terminal point are not fully resolved.",
P3.O01.length,P3,P3.O01,length,leaf,7.4,,,,board-referenced cm; anatomical validation unavailable,excluded_homologous_geometry_or_definition_unresolved,The lateral blade attachment is crossed by neighbouring petiole/stalk tissue. Its complete basal boundary and lobed width section have not been frozen; the saved pool is interior tissue.,operator_annotation_only,source_identity_supported_high,False,False,,manual_reference/plant-3_measurements_01.png,"[""manual_reference/plant-3/Leaf-5/Media.jpeg""]","[""assets/reference_27.jpg""]",manual_validation_5-plants_28-09/plant-3_measurements_01.png,"[""manual_validation_5-plants_28-09/plant-3/Leaf-5/Media.jpeg""]",Tip lies near 7.4 cm but basal lobes/petiole boundary is not unambiguously at zero. No numerical length is inferred from the tip mark alone.,"Identify this organ and declare lamina/petiole/dry-tip and chord/path rules; collect both ruler endpoint offsets unobscured, linked to unchanged-pose calibrated views.",True,The lateral blade attachment is crossed by neighbouring petiole/stalk tissue. Its complete basal boundary and lobed width section have not been frozen; the saved pool is interior tissue.,
P3.O01.width,P3,P3.O01,width,leaf,5.5,5.4,"[5.1, 5.7]",,board-referenced cm; anatomical validation unavailable,excluded_homologous_geometry_or_definition_unresolved,The lateral blade attachment is crossed by neighbouring petiole/stalk tissue. Its complete basal boundary and lobed width section have not been frozen; the saved pool is interior tissue. Exact ruler cross-section correspondence is not established; no maximum-width claim.,photo_supported_approximate,source_identity_supported_high,False,False,,manual_reference/plant-3_measurements_01.png,"[""manual_reference/plant-3/Leaf-5/Media (1).jpeg""]","[""assets/reference_26.jpg""]",manual_validation_5-plants_28-09/plant-3_measurements_01.png,"[""manual_validation_5-plants_28-09/plant-3/Leaf-5/Media (1).jpeg""]",Upper blade edge near 5.5 cm and lower edge near 0.1 cm give about 5.4 cm. Lobed margins and ruler angle justify a broad visual interval.,"Identify the exact width cross-section on the organ and show both edges with both ruler offsets. If maximum width is desired, explicitly search/record that section rather than reusing an arbitrary photographed section. Retain the existing approximate photo reference only if that same section can be linked.",True,The lateral blade attachment is crossed by neighbouring petiole/stalk tissue. Its complete basal boundary and lobed width section have not been frozen; the saved pool is interior tissue. Exact ruler cross-section correspondence is not established; no maximum-width claim.,
P3.O02.length,P3,P3.O02,length,leaf,9.8,,,,board-referenced cm; anatomical validation unavailable,excluded_homologous_geometry_or_definition_unresolved,Basal lobes and hole boundaries overlap a dry underlying blade; complete blade origin and the same ruler section are not frozen in 3D.,operator_annotation_only,source_identity_supported_high,False,False,,manual_reference/plant-3_measurements_01.png,"[""manual_reference/plant-3/Leaf-4/Media.jpeg""]","[""assets/reference_25.jpg""]",manual_validation_5-plants_28-09/plant-3_measurements_01.png,"[""manual_validation_5-plants_28-09/plant-3/Leaf-4/Media.jpeg""]","Tip is near the 9.8-10.0 cm region, but hand/leaf obscures the exact base and zero alignment. Source 9.8 cm is not independently verified.","Identify this organ and declare lamina/petiole/dry-tip and chord/path rules; collect both ruler endpoint offsets unobscured, linked to unchanged-pose calibrated views.",True,Basal lobes and hole boundaries overlap a dry underlying blade; complete blade origin and the same ruler section are not frozen in 3D.,
P3.O02.width,P3,P3.O02,width,leaf,7.6,,,,board-referenced cm; anatomical validation unavailable,excluded_homologous_geometry_or_definition_unresolved,Basal lobes and hole boundaries overlap a dry underlying blade; complete blade origin and the same ruler section are not frozen in 3D. Exact ruler cross-section correspondence is not established; no maximum-width claim.,operator_annotation_only,source_identity_supported_high,False,False,,manual_reference/plant-3_measurements_01.png,"[""manual_reference/plant-3/Leaf-4/Media (1).jpeg""]","[""assets/reference_24.jpg""]",manual_validation_5-plants_28-09/plant-3_measurements_01.png,"[""manual_validation_5-plants_28-09/plant-3/Leaf-4/Media (1).jpeg""]",One margin lies near 7.5-7.6 cm; the opposite edge/zero alignment is obscured. Do not treat that endpoint as a width.,"Identify the exact width cross-section on the organ and show both edges with both ruler offsets. If maximum width is desired, explicitly search/record that section rather than reusing an arbitrary photographed section. Obtain a new readable width record; the existing source is operator-only.",True,Basal lobes and hole boundaries overlap a dry underlying blade; complete blade origin and the same ruler section are not frozen in 3D. Exact ruler cross-section correspondence is not established; no maximum-width claim.,
P3.O03.length,P3,P3.O03,length,leaf,7.5,,,7.691100957059331,board-referenced cm; anatomical validation unavailable,provisional_operator_only_chord_comparison,Same frozen D405 source endpoints after board gauge correction. The source-supported chord is provisional; anatomical base convention remains tentative and the 7.5 cm reference is operator annotation only. No eligible validation pair.,operator_annotation_only,source_identity_supported_high,False,False,0.19110095705933094,manual_reference/plant-3_measurements_01.png,"[""manual_reference/plant-3/Leaf-3/Media.jpeg""]","[""assets/reference_23.jpg""]",manual_validation_5-plants_28-09/plant-3_measurements_01.png,"[""manual_validation_5-plants_28-09/plant-3/Leaf-3/Media.jpeg""]",Tip is around the 7.5 cm region; ruler zero and the chosen blade-base endpoint are obscured by hand and basal tissue.,P3-A1: independently photograph the declared lowest basal lamina and apex with readable ruler offsets; retain the existing chord and its endpoint-disk sensitivity separately.,True,"Provisional chord arithmetic is available, but the operator 7.5 cm is not independently photo-readable, basal-lobe/petiole convention is tentative, and physical scale is unconfirmed. Excluded from validated accuracy statistics.",P3.O03.blade_chord
P3.O03.width,P3,P3.O03,width,leaf,5.7,,,,board-referenced cm; anatomical validation unavailable,excluded_homologous_geometry_or_definition_unresolved,One provisional source-endpoint chord is available separately. The operator reference is not independently photo-readable and basal-lobe/petiole convention remains tentative. Exact ruler cross-section correspondence is not established; no maximum-width claim.,operator_annotation_only,source_identity_supported_high,False,False,,manual_reference/plant-3_measurements_01.png,"[""manual_reference/plant-3/Leaf-3/Media (1).jpeg""]","[""assets/reference_22.jpg""]",manual_validation_5-plants_28-09/plant-3_measurements_01.png,"[""manual_validation_5-plants_28-09/plant-3/Leaf-3/Media (1).jpeg""]",Lobed margins cross opposite sides of a broad opaque ruler at different positions. The exact lower offset and maximum section are not unambiguous; no 5.7 cm value is imputed.,"Identify the exact width cross-section on the organ and show both edges with both ruler offsets. If maximum width is desired, explicitly search/record that section rather than reusing an arbitrary photographed section. Obtain a new readable width record; the existing source is operator-only.",True,One provisional source-endpoint chord is available separately. The operator reference is not independently photo-readable and basal-lobe/petiole convention remains tentative. Exact ruler cross-section correspondence is not established; no maximum-width claim.,
P3.O04.length,P3,P3.O04,length,leaf,11,11.0,"[10.7, 11.3]",,board-referenced cm; anatomical validation unavailable,excluded_homologous_geometry_or_definition_unresolved,The petiole-to-lobed-blade origin and complete lobe contour have not been frozen across source views. The interior pool omits terminal margins.,photo_supported_approximate,source_identity_supported_high,False,False,,manual_reference/plant-3_measurements_01.png,"[""manual_reference/plant-3/Leaf-2/Media.jpeg""]","[""assets/reference_21.jpg""]",manual_validation_5-plants_28-09/plant-3_measurements_01.png,"[""manual_validation_5-plants_28-09/plant-3/Leaf-2/Media.jpeg""]",Attachment-side blade origin is near zero and opposite tip near 11.0 cm; both are visible beside the ruler. Straight projected length.,"Retain the existing approximate ruler candidate, but establish the same organ, complete base/tip and pose/convention in calibrated source views before a comparison.",True,The petiole-to-lobed-blade origin and complete lobe contour have not been frozen across source views. The interior pool omits terminal margins.,
P3.O04.width,P3,P3.O04,width,leaf,8.7,8.7,"[8.4, 9.0]",,board-referenced cm; anatomical validation unavailable,excluded_homologous_geometry_or_definition_unresolved,The petiole-to-lobed-blade origin and complete lobe contour have not been frozen across source views. The interior pool omits terminal margins. Exact ruler cross-section correspondence is not established; no maximum-width claim.,photo_supported_approximate,source_identity_supported_high,False,False,,manual_reference/plant-3_measurements_01.png,"[""manual_reference/plant-3/Leaf-2/Media (1).jpeg""]","[""assets/reference_20.jpg""]",manual_validation_5-plants_28-09/plant-3_measurements_01.png,"[""manual_validation_5-plants_28-09/plant-3/Leaf-2/Media (1).jpeg""]","Bottom margin is close to zero and top margin near 8.7 cm. Thumb covers intermediate graduations, but the end regions are visible.","Identify the exact width cross-section on the organ and show both edges with both ruler offsets. If maximum width is desired, explicitly search/record that section rather than reusing an arbitrary photographed section. Retain the existing approximate photo reference only if that same section can be linked.",True,The petiole-to-lobed-blade origin and complete lobe contour have not been frozen across source views. The interior pool omits terminal margins. Exact ruler cross-section correspondence is not established; no maximum-width claim.,
P3.O05.length,P3,P3.O05,length,leaf,9.2,9.2,"[8.9, 9.5]",,board-referenced cm; anatomical validation unavailable,excluded_homologous_geometry_or_definition_unresolved,The lobed blade attachment is next to a crossing stalk; a complete blade origin and photographed width-section edges are not yet isolated in 3D.,photo_supported_approximate,source_identity_supported_high,False,False,,manual_reference/plant-3_measurements_01.png,"[""manual_reference/plant-3/Leaf-1/Media.jpeg""]","[""assets/reference_19.jpg""]",manual_validation_5-plants_28-09/plant-3_measurements_01.png,"[""manual_validation_5-plants_28-09/plant-3/Leaf-1/Media.jpeg""]",Transparent ruler shows blade-base region at zero and tip about 9.2 cm. Blade is held flat; this is an approximate chord/projection length.,"Retain the existing approximate ruler candidate, but establish the same organ, complete base/tip and pose/convention in calibrated source views before a comparison.",True,The lobed blade attachment is next to a crossing stalk; a complete blade origin and photographed width-section edges are not yet isolated in 3D.,
P3.O05.width,P3,P3.O05,width,leaf,7.7,7.7,"[7.4, 8.0]",,board-referenced cm; anatomical validation unavailable,excluded_homologous_geometry_or_definition_unresolved,The lobed blade attachment is next to a crossing stalk; a complete blade origin and photographed width-section edges are not yet isolated in 3D. Exact ruler cross-section correspondence is not established; no maximum-width claim.,photo_supported_approximate,source_identity_supported_high,False,False,,manual_reference/plant-3_measurements_01.png,"[""manual_reference/plant-3/Leaf-1/Media (1).jpeg""]","[""assets/reference_18.jpg""]",manual_validation_5-plants_28-09/plant-3_measurements_01.png,"[""manual_validation_5-plants_28-09/plant-3/Leaf-1/Media (1).jpeg""]",Transparent ruler shows left margin near zero and right margin near 7.7 cm. Both leaf edges are visible through/along ruler.,"Identify the exact width cross-section on the organ and show both edges with both ruler offsets. If maximum width is desired, explicitly search/record that section rather than reusing an arbitrary photographed section. Retain the existing approximate photo reference only if that same section can be linked.",True,The lobed blade attachment is next to a crossing stalk; a complete blade origin and photographed width-section edges are not yet isolated in 3D. Exact ruler cross-section correspondence is not established; no maximum-width claim.,
P3.O06.length,P3,P3.O06,length,leaf,7.5,,,,board-referenced cm; anatomical validation unavailable,excluded_correspondence_not_established,Organ identity unresolved or tentative; no nearest-shape or dimension-based assignment.,operator_annotation_only,candidate_medium,False,False,,manual_reference/plant-3_measurements_01.png,"[""manual_reference/plant-3/Leaf-6/Media.jpeg""]","[""assets/reference_29.jpg""]",manual_validation_5-plants_28-09/plant-3_measurements_01.png,"[""manual_validation_5-plants_28-09/plant-3/Leaf-6/Media.jpeg""]",Blade base/zero is hidden by tissue and hand. The approximately 7.5 cm tip location alone cannot establish length.,"Identify this organ and declare lamina/petiole/dry-tip and chord/path rules; collect both ruler endpoint offsets unobscured, linked to unchanged-pose calibrated views.",True,Organ identity unresolved or tentative; no nearest-shape or dimension-based assignment.,
P3.O06.width,P3,P3.O06,width,leaf,6.3,,,,board-referenced cm; anatomical validation unavailable,excluded_correspondence_not_established,Organ identity unresolved or tentative; no nearest-shape or dimension-based assignment. Photographed section is not demonstrated to be maximum width.,operator_annotation_only,candidate_medium,False,False,,manual_reference/plant-3_measurements_01.png,"[""manual_reference/plant-3/Leaf-6/Media (1).jpeg""]","[""assets/reference_28.jpg""]",manual_validation_5-plants_28-09/plant-3_measurements_01.png,"[""manual_validation_5-plants_28-09/plant-3/Leaf-6/Media (1).jpeg""]",Ruler traverses lobed blade; lower margin and adjacent foreground blade overlap the scale. Exact corresponding endpoints/maximum width remain ambiguous.,"Identify the exact width cross-section on the organ and show both edges with both ruler offsets. If maximum width is desired, explicitly search/record that section rather than reusing an arbitrary photographed section. Obtain a new readable width record; the existing source is operator-only.",True,Organ identity unresolved or tentative; no nearest-shape or dimension-based assignment. Photographed section is not demonstrated to be maximum width.,
P4.H01.height,P4,P4.H01,height,whole_plant,52.3,,,,board-referenced cm; anatomical validation unavailable,excluded_true_base_and_very_tip_unresolved,"Pot-centre origin is obscured by leaves and crossing flowering stems. Region candidate only; no visible stem-base endpoint. Highest retained surface projects to a terminal pale bud/flower cluster, but its exact outermost endpoint and complete depth support remain uncertain.",operator_annotation_only,specimen_identity_supported_endpoint_pair_unresolved,False,False,,manual_reference/plant-4_measurements_02.png,"[""manual_reference/plant-4/Media (1).jpeg"", ""manual_reference/plant-4/Media (2).jpeg""]","[""assets/reference_43.jpg"", ""assets/reference_44.jpg""]",manual_validation_5-plants_28-09/plant-4_measurements_02.png,"[""manual_validation_5-plants_28-09/plant-4/Media (1).jpeg"", ""manual_validation_5-plants_28-09/plant-4/Media (2).jpeg""]","Two rulers are visible; their joining/overlap point and exact stem-base zero are not simultaneously readable. Top inflorescence is visible, but adding a nominal 30 cm to its upper-ruler reading is unjustified.","Apply the plant height action: actual soil-emergence and declared terminal endpoint visible in calibrated overlapping views, with readable zero/tip and ruler join if present.",True,"Pot-centre origin is obscured by leaves and crossing flowering stems. Region candidate only; no visible stem-base endpoint. Highest retained surface projects to a terminal pale bud/flower cluster, but its exact outermost endpoint and complete depth support remain uncertain.",
P4.O01.length,P4,P4.O01,length,uncertain_leaf_or_pod,3,,,,board-referenced cm; anatomical validation unavailable,excluded_leaf_or_pod_identity_unresolved,Organ identity unresolved or tentative; no nearest-shape or dimension-based assignment. Leaf-versus-pod identity unresolved.,unusable_for_leaf_validation_pending_organ_type,unresolved,False,False,,manual_reference/plant-4_measurements_01.png,"[""manual_reference/plant-4/Leaf-1/Media.jpeg""]","[""assets/reference_36.jpg""]",manual_validation_5-plants_28-09/plant-4_measurements_01.png,"[""manual_validation_5-plants_28-09/plant-4/Leaf-1/Media.jpeg""]",Organ runs along roughly the first 3 cm; distinguishing organ-body base from stalk is unresolved. Closeups appear pod-like; user has not confirmed leaf versus reproductive organ.,Resolve organ type and branch identity first (P4-A1); then body/stalk convention and an organ-appropriate readable ruler record (P4-A3).,True,Organ identity unresolved or tentative; no nearest-shape or dimension-based assignment. Leaf-versus-pod identity unresolved.,
P4.O01.width,P4,P4.O01,width,uncertain_leaf_or_pod,0.2,,,,board-referenced cm; anatomical validation unavailable,excluded_leaf_or_pod_identity_unresolved,Organ identity unresolved or tentative; no nearest-shape or dimension-based assignment. Leaf-versus-pod identity unresolved. Photographed section is not demonstrated to be maximum width.,unusable_for_leaf_validation_pending_organ_type,unresolved,False,False,,manual_reference/plant-4_measurements_01.png,"[""manual_reference/plant-4/Leaf-1/Media (1).jpeg""]","[""assets/reference_35.jpg""]",manual_validation_5-plants_28-09/plant-4_measurements_01.png,"[""manual_validation_5-plants_28-09/plant-4/Leaf-1/Media (1).jpeg""]",Very narrow organ and ruler/hand obscure both exact width endpoints; 0.2 cm cannot be independently certified. Closeups appear pod-like; user has not confirmed leaf versus reproductive organ.,Resolve organ type and branch identity first (P4-A1); then body/stalk convention and an organ-appropriate readable ruler record (P4-A3).,True,Organ identity unresolved or tentative; no nearest-shape or dimension-based assignment. Leaf-versus-pod identity unresolved. Photographed section is not demonstrated to be maximum width.,
P4.O02.length,P4,P4.O02,length,uncertain_leaf_or_pod,2.8,,,,board-referenced cm; anatomical validation unavailable,excluded_leaf_or_pod_identity_unresolved,Organ identity unresolved or tentative; no nearest-shape or dimension-based assignment. Leaf-versus-pod identity unresolved.,unusable_for_leaf_validation_pending_organ_type,unresolved,False,False,,manual_reference/plant-4_measurements_01.png,"[""manual_reference/plant-4/Leaf-2/Media.jpeg""]","[""assets/reference_38.jpg""]",manual_validation_5-plants_28-09/plant-4_measurements_01.png,"[""manual_validation_5-plants_28-09/plant-4/Leaf-2/Media.jpeg""]","Curved narrow organ follows roughly 2.8 cm of ruler, but straight chord versus curved body and basal endpoint are unresolved. Closeups appear pod-like; user has not confirmed leaf versus reproductive organ.",Resolve organ type and branch identity first (P4-A1); then body/stalk convention and an organ-appropriate readable ruler record (P4-A3).,True,Organ identity unresolved or tentative; no nearest-shape or dimension-based assignment. Leaf-versus-pod identity unresolved.,
P4.O02.width,P4,P4.O02,width,uncertain_leaf_or_pod,0.5,,,,board-referenced cm; anatomical validation unavailable,excluded_leaf_or_pod_identity_unresolved,Organ identity unresolved or tentative; no nearest-shape or dimension-based assignment. Leaf-versus-pod identity unresolved. Photographed section is not demonstrated to be maximum width.,unusable_for_leaf_validation_pending_organ_type,unresolved,False,False,,manual_reference/plant-4_measurements_01.png,"[""manual_reference/plant-4/Leaf-2/Media (1).jpeg""]","[""assets/reference_37.jpg""]",manual_validation_5-plants_28-09/plant-4_measurements_01.png,"[""manual_validation_5-plants_28-09/plant-4/Leaf-2/Media (1).jpeg""]",Organ lies partly beneath ruler end; both boundaries are not visible on a common graduated section. Source 0.5 cm remains unverified. Closeups appear pod-like; user has not confirmed leaf versus reproductive organ.,Resolve organ type and branch identity first (P4-A1); then body/stalk convention and an organ-appropriate readable ruler record (P4-A3).,True,Organ identity unresolved or tentative; no nearest-shape or dimension-based assignment. Leaf-versus-pod identity unresolved. Photographed section is not demonstrated to be maximum width.,
P4.O03.length,P4,P4.O03,length,uncertain_leaf_or_pod,2.9,,,,board-referenced cm; anatomical validation unavailable,excluded_leaf_or_pod_identity_unresolved,Organ identity unresolved or tentative; no nearest-shape or dimension-based assignment. Leaf-versus-pod identity unresolved.,unusable_for_leaf_validation_pending_organ_type,unresolved,False,False,,manual_reference/plant-4_measurements_01.png,"[""manual_reference/plant-4/Leaf-3/Media.jpeg""]","[""assets/reference_40.jpg""]",manual_validation_5-plants_28-09/plant-4_measurements_01.png,"[""manual_validation_5-plants_28-09/plant-4/Leaf-3/Media.jpeg""]","Narrow body is near the first 2.9 cm, but body/stalk endpoint and alignment are not clear enough for a direct accepted reading. Closeups appear pod-like; user has not confirmed leaf versus reproductive organ.",Resolve organ type and branch identity first (P4-A1); then body/stalk convention and an organ-appropriate readable ruler record (P4-A3).,True,Organ identity unresolved or tentative; no nearest-shape or dimension-based assignment. Leaf-versus-pod identity unresolved.,
P4.O03.width,P4,P4.O03,width,uncertain_leaf_or_pod,0.3,,,,board-referenced cm; anatomical validation unavailable,excluded_leaf_or_pod_identity_unresolved,Organ identity unresolved or tentative; no nearest-shape or dimension-based assignment. Leaf-versus-pod identity unresolved. Photographed section is not demonstrated to be maximum width.,unusable_for_leaf_validation_pending_organ_type,unresolved,False,False,,manual_reference/plant-4_measurements_01.png,"[""manual_reference/plant-4/Leaf-3/Media (1).jpeg""]","[""assets/reference_39.jpg""]",manual_validation_5-plants_28-09/plant-4_measurements_01.png,"[""manual_validation_5-plants_28-09/plant-4/Leaf-3/Media (1).jpeg""]",Organ is above ruler end without both width edges located against graduations. Source 0.3 cm remains unverified. Closeups appear pod-like; user has not confirmed leaf versus reproductive organ.,Resolve organ type and branch identity first (P4-A1); then body/stalk convention and an organ-appropriate readable ruler record (P4-A3).,True,Organ identity unresolved or tentative; no nearest-shape or dimension-based assignment. Leaf-versus-pod identity unresolved. Photographed section is not demonstrated to be maximum width.,
P4.O04.length,P4,P4.O04,length,uncertain_leaf_or_pod,2.9,,,,board-referenced cm; anatomical validation unavailable,excluded_leaf_or_pod_identity_unresolved,Organ identity unresolved or tentative; no nearest-shape or dimension-based assignment. Leaf-versus-pod identity unresolved.,unusable_for_leaf_validation_pending_organ_type,unresolved,False,False,,manual_reference/plant-4_measurements_01.png,"[""manual_reference/plant-4/Leaf-4/Media.jpeg""]","[""assets/reference_42.jpg""]",manual_validation_5-plants_28-09/plant-4_measurements_01.png,"[""manual_validation_5-plants_28-09/plant-4/Leaf-4/Media.jpeg""]",Elongated organ spans roughly the first 2.9 cm; the body-to-pedicel junction and organ kind are unresolved. Closeups appear pod-like; user has not confirmed leaf versus reproductive organ.,Resolve organ type and branch identity first (P4-A1); then body/stalk convention and an organ-appropriate readable ruler record (P4-A3).,True,Organ identity unresolved or tentative; no nearest-shape or dimension-based assignment. Leaf-versus-pod identity unresolved.,
P4.O04.width,P4,P4.O04,width,uncertain_leaf_or_pod,0.4,,,,board-referenced cm; anatomical validation unavailable,excluded_leaf_or_pod_identity_unresolved,Organ identity unresolved or tentative; no nearest-shape or dimension-based assignment. Leaf-versus-pod identity unresolved. Photographed section is not demonstrated to be maximum width.,unusable_for_leaf_validation_pending_organ_type,unresolved,False,False,,manual_reference/plant-4_measurements_01.png,"[""manual_reference/plant-4/Leaf-4/Media (1).jpeg""]","[""assets/reference_41.jpg""]",manual_validation_5-plants_28-09/plant-4_measurements_01.png,"[""manual_validation_5-plants_28-09/plant-4/Leaf-4/Media (1).jpeg""]","A narrow green structure spans roughly the first few millimetres, but exact margins/body convention are uncertain. Source 0.4 cm remains unverified. Closeups appear pod-like; user has not confirmed leaf versus reproductive organ.",Resolve organ type and branch identity first (P4-A1); then body/stalk convention and an organ-appropriate readable ruler record (P4-A3).,True,Organ identity unresolved or tentative; no nearest-shape or dimension-based assignment. Leaf-versus-pod identity unresolved. Photographed section is not demonstrated to be maximum width.,
P5.H01.height,P5,P5.H01,height,whole_plant,31.8,,,,board-referenced cm; anatomical validation unavailable,excluded_true_base_and_very_tip_unresolved,"Radial petiole junction and lower curved stem are visible; actual soil-emergence point is hidden by the stem/leaf cluster. Highest retained points project to the terminal margin of the left-facing lobed green O05 leaf candidate, a plausible top surface. This does not establish all-terminal completeness or the stem origin.",operator_annotation_only,specimen_identity_supported_endpoint_pair_unresolved,False,False,,manual_reference/plant-5_measurements_02.png,"[""manual_reference/plant-5/Media (1).jpeg""]","[""assets/reference_47.jpg""]",manual_validation_5-plants_28-09/plant-5_measurements_02.png,"[""manual_validation_5-plants_28-09/plant-5/Media (1).jpeg""]",The saved height photo shows a 30 cm ruler and the highest leaf extends beyond the visible calibrated end. Base alignment is partly hidden. Do not extrapolate an unseen 31.8 cm graduation.,"Apply the plant height action: actual soil-emergence and declared terminal endpoint visible in calibrated overlapping views, with readable zero/tip and ruler join if present.",True,"Radial petiole junction and lower curved stem are visible; actual soil-emergence point is hidden by the stem/leaf cluster. Highest retained points project to the terminal margin of the left-facing lobed green O05 leaf candidate, a plausible top surface. This does not establish all-terminal completeness or the stem origin.",
P5.O01.length,P5,P5.O01,length,leaf,12,,,,board-referenced cm; anatomical validation unavailable,excluded_homologous_geometry_or_definition_unresolved,The blade has curled damaged/necrotic margins; the rule for including folded dry tissue and full basal boundary is not frozen. Source ruler length was not independently readable.,operator_annotation_only,source_identity_supported_high,False,False,,manual_reference/plant-5_measurements_01.png,"[""manual_reference/plant-5/leaf-4/Media.jpeg""]","[""assets/reference_55.jpg""]",manual_validation_5-plants_28-09/plant-5_measurements_01.png,"[""manual_validation_5-plants_28-09/plant-5/leaf-4/Media.jpeg""]",Opaque ruler and thumb hide the length tip/base alignment. Blade damage and lobes make source 12 cm not independently recoverable.,"Identify this organ and declare lamina/petiole/dry-tip and chord/path rules; collect both ruler endpoint offsets unobscured, linked to unchanged-pose calibrated views.",True,The blade has curled damaged/necrotic margins; the rule for including folded dry tissue and full basal boundary is not frozen. Source ruler length was not independently readable.,
P5.O01.width,P5,P5.O01,width,leaf,9.9,9.8,"[9.4, 10.2]",,board-referenced cm; anatomical validation unavailable,excluded_homologous_geometry_or_definition_unresolved,The blade has curled damaged/necrotic margins; the rule for including folded dry tissue and full basal boundary is not frozen. Source ruler length was not independently readable. Exact ruler cross-section correspondence is not established; no maximum-width claim.,photo_supported_approximate,source_identity_supported_high,False,False,,manual_reference/plant-5_measurements_01.png,"[""manual_reference/plant-5/leaf-4/Media (1).jpeg""]","[""assets/reference_54.jpg""]",manual_validation_5-plants_28-09/plant-5_measurements_01.png,"[""manual_validation_5-plants_28-09/plant-5/leaf-4/Media (1).jpeg""]","Opposite lobed margins lie near 0.3 and 10.1 cm, giving about 9.8 cm. Hand-held damaged blade and ruler plane limit precision.","Identify the exact width cross-section on the organ and show both edges with both ruler offsets. If maximum width is desired, explicitly search/record that section rather than reusing an arbitrary photographed section. Retain the existing approximate photo reference only if that same section can be linked.",True,The blade has curled damaged/necrotic margins; the rule for including folded dry tissue and full basal boundary is not frozen. Source ruler length was not independently readable. Exact ruler cross-section correspondence is not established; no maximum-width claim.,
P5.O02.length,P5,P5.O02,length,leaf,8,,,,board-referenced cm; anatomical validation unavailable,excluded_homologous_geometry_or_definition_unresolved,The small central blade base is adjacent to the crowded petiole fork; its exact lamina origin and obscured ruler endpoints are unresolved.,operator_annotation_only,source_identity_supported_high,False,False,,manual_reference/plant-5_measurements_01.png,"[""manual_reference/plant-5/leaf-3/Media.jpeg""]","[""assets/reference_53.jpg""]",manual_validation_5-plants_28-09/plant-5_measurements_01.png,"[""manual_validation_5-plants_28-09/plant-5/leaf-3/Media.jpeg""]",Small central blade lies behind ruler and hand; one endpoint is occluded. The 8 cm annotation is retained but no unseen tip/base is inferred.,"Identify this organ and declare lamina/petiole/dry-tip and chord/path rules; collect both ruler endpoint offsets unobscured, linked to unchanged-pose calibrated views.",True,The small central blade base is adjacent to the crowded petiole fork; its exact lamina origin and obscured ruler endpoints are unresolved.,
P5.O02.width,P5,P5.O02,width,leaf,4.8,,,,board-referenced cm; anatomical validation unavailable,excluded_homologous_geometry_or_definition_unresolved,The small central blade base is adjacent to the crowded petiole fork; its exact lamina origin and obscured ruler endpoints are unresolved. Exact ruler cross-section correspondence is not established; no maximum-width claim.,operator_annotation_only,source_identity_supported_high,False,False,,manual_reference/plant-5_measurements_01.png,"[""manual_reference/plant-5/leaf-3/Media (1).jpeg""]","[""assets/reference_52.jpg""]",manual_validation_5-plants_28-09/plant-5_measurements_01.png,"[""manual_validation_5-plants_28-09/plant-5/leaf-3/Media (1).jpeg""]",Ruler and thumb overlap the small central blade. One width margin is hidden; a visible end near 5 cm does not independently establish source 4.8 cm.,"Identify the exact width cross-section on the organ and show both edges with both ruler offsets. If maximum width is desired, explicitly search/record that section rather than reusing an arbitrary photographed section. Obtain a new readable width record; the existing source is operator-only.",True,The small central blade base is adjacent to the crowded petiole fork; its exact lamina origin and obscured ruler endpoints are unresolved. Exact ruler cross-section correspondence is not established; no maximum-width claim.,
P5.O03.length,P5,P5.O03,length,leaf,11.9,,,,board-referenced cm; anatomical validation unavailable,excluded_homologous_geometry_or_definition_unresolved,The rust-brown blade has rolled papery margins and lobes that change pose in the held ruler photo. Complete homologous tip/base and section edges are not frozen.,operator_annotation_only,source_identity_supported_high,False,False,,manual_reference/plant-5_measurements_01.png,"[""manual_reference/plant-5/leaf-2/Media.jpeg""]","[""assets/reference_51.jpg""]",manual_validation_5-plants_28-09/plant-5_measurements_01.png,"[""manual_validation_5-plants_28-09/plant-5/leaf-2/Media.jpeg""]","Brown curled leaf has a projecting papery tip away from ruler axis, with zero/body base obscured by neighboring tissue. Source 11.9 cm cannot be independently recovered.","Identify this organ and declare lamina/petiole/dry-tip and chord/path rules; collect both ruler endpoint offsets unobscured, linked to unchanged-pose calibrated views.",True,The rust-brown blade has rolled papery margins and lobes that change pose in the held ruler photo. Complete homologous tip/base and section edges are not frozen.,
P5.O03.width,P5,P5.O03,width,leaf,11.7,11.7,"[11.2, 12.2]",,board-referenced cm; anatomical validation unavailable,excluded_homologous_geometry_or_definition_unresolved,The rust-brown blade has rolled papery margins and lobes that change pose in the held ruler photo. Complete homologous tip/base and section edges are not frozen. Exact ruler cross-section correspondence is not established; no maximum-width claim.,photo_supported_approximate,source_identity_supported_high,False,False,,manual_reference/plant-5_measurements_01.png,"[""manual_reference/plant-5/leaf-2/Media (1).jpeg""]","[""assets/reference_50.jpg""]",manual_validation_5-plants_28-09/plant-5_measurements_01.png,"[""manual_validation_5-plants_28-09/plant-5/leaf-2/Media (1).jpeg""]",Brown blade lower margin is close to zero and upper lobe near 11.7 cm. Both silhouette endpoints are visible but curling and plane mismatch warrant a broad interval.,"Identify the exact width cross-section on the organ and show both edges with both ruler offsets. If maximum width is desired, explicitly search/record that section rather than reusing an arbitrary photographed section. Retain the existing approximate photo reference only if that same section can be linked.",True,The rust-brown blade has rolled papery margins and lobes that change pose in the held ruler photo. Complete homologous tip/base and section edges are not frozen. Exact ruler cross-section correspondence is not established; no maximum-width claim.,
P5.O04.length,P5,P5.O04,length,leaf,12.9,12.9,"[12.6, 13.2]",,board-referenced cm; anatomical validation unavailable,partial_chord_available_not_whole_organ_comparison,"A 12.499 cm terminal-lamina chord is available, but the ruler includes basal lobes toward a lower zero. The raw terminal-lamina origin is not homologous to that ruler origin; no residual is computed.",photo_supported_approximate,source_identity_supported_high,False,False,,manual_reference/plant-5_measurements_01.png,"[""manual_reference/plant-5/leaf-1/Media.jpeg""]","[""assets/reference_49.jpg""]",manual_validation_5-plants_28-09/plant-5_measurements_01.png,"[""manual_validation_5-plants_28-09/plant-5/leaf-1/Media.jpeg""]","Green blade base is near zero and upper tip near 12.9 cm beside the ruler. Approximate straight, hand-held length.",P5-A1: link the lower basal-lobe origin in the ruler photograph to the in-situ organ; existing 12.499 cm terminal-lamina chord is partial.,True,"A 12.149 cm terminal-lamina chord is available, but the ruler includes basal lobes toward a lower zero. The raw terminal-lamina origin is not homologous to that ruler origin; no residual is computed.",
P5.O04.width,P5,P5.O04,width,leaf,9,9.0,"[8.7, 9.3]",,board-referenced cm; anatomical validation unavailable,excluded_homologous_geometry_or_definition_unresolved,"A 12.499 cm terminal-lamina chord is available, but the ruler includes basal lobes toward a lower zero. The raw terminal-lamina origin is not homologous to that ruler origin; no residual is computed. Exact ruler cross-section correspondence is not established; no maximum-width claim.",photo_supported_approximate,source_identity_supported_high,False,False,,manual_reference/plant-5_measurements_01.png,"[""manual_reference/plant-5/leaf-1/Media (1).jpeg""]","[""assets/reference_48.jpg""]",manual_validation_5-plants_28-09/plant-5_measurements_01.png,"[""manual_validation_5-plants_28-09/plant-5/leaf-1/Media (1).jpeg""]",Visible margins span approximately zero to 9.0 cm at the photographed cross-section.,"Identify the exact width cross-section on the organ and show both edges with both ruler offsets. If maximum width is desired, explicitly search/record that section rather than reusing an arbitrary photographed section. Retain the existing approximate photo reference only if that same section can be linked.",True,"A 12.149 cm terminal-lamina chord is available, but the ruler includes basal lobes toward a lower zero. The raw terminal-lamina origin is not homologous to that ruler origin; no residual is computed. Exact ruler cross-section correspondence is not established; no maximum-width claim.",
P5.O05.length,P5,P5.O05,length,leaf,13.2,,,,board-referenced cm; anatomical validation unavailable,excluded_homologous_geometry_or_definition_unresolved,"The ruler length base-versus-petiole inclusion is unresolved, and the in-situ leaf is lobed/curved. The full homologous origin and photographed width section are not frozen.",operator_annotation_only,source_identity_supported_high,False,False,,manual_reference/plant-5_measurements_01.png,"[""manual_reference/plant-5/leaf-5/Media.jpeg""]","[""assets/reference_57.jpg""]",manual_validation_5-plants_28-09/plant-5_measurements_01.png,"[""manual_validation_5-plants_28-09/plant-5/leaf-5/Media.jpeg""]","Ruler extends from petiole-side tissue to tip near 13 cm, but blade-only base versus petiole inclusion is unresolved. Do not assume source 13.2 cm uses the same 3D leaf endpoint.","Identify this organ and declare lamina/petiole/dry-tip and chord/path rules; collect both ruler endpoint offsets unobscured, linked to unchanged-pose calibrated views.",True,"The ruler length base-versus-petiole inclusion is unresolved, and the in-situ leaf is lobed/curved. The full homologous origin and photographed width section are not frozen.",
P5.O05.width,P5,P5.O05,width,leaf,7.8,7.6,"[7.2, 8.0]",,board-referenced cm; anatomical validation unavailable,excluded_homologous_geometry_or_definition_unresolved,"The ruler length base-versus-petiole inclusion is unresolved, and the in-situ leaf is lobed/curved. The full homologous origin and photographed width section are not frozen. Exact ruler cross-section correspondence is not established; no maximum-width claim.",photo_supported_approximate,source_identity_supported_high,False,False,,manual_reference/plant-5_measurements_01.png,"[""manual_reference/plant-5/leaf-5/Media (1).jpeg""]","[""assets/reference_56.jpg""]",manual_validation_5-plants_28-09/plant-5_measurements_01.png,"[""manual_validation_5-plants_28-09/plant-5/leaf-5/Media (1).jpeg""]","Visible margins along diagonal ruler are approximately 0.1 and 7.7 cm, giving about 7.6 cm. Lobes/curl and perspective make source 7.8 cm indistinguishable within the broad reading interval.","Identify the exact width cross-section on the organ and show both edges with both ruler offsets. If maximum width is desired, explicitly search/record that section rather than reusing an arbitrary photographed section. Retain the existing approximate photo reference only if that same section can be linked.",True,"The ruler length base-versus-petiole inclusion is unresolved, and the in-situ leaf is lobed/curved. The full homologous origin and photographed width section are not frozen. Exact ruler cross-section correspondence is not established; no maximum-width claim.",
