camera,physical_sheet,marker_id,local_board_x_squares,local_board_y_squares,detector_column,scan_line,source_band_zero_based,wavelength_nm,coordinate_status
fx10,top,15,3.5,4.499999523162842,475.62557123762895,472.9713587822177,99,661.1,NOT_A_SHARED_3D_COORDINATE
fx10,top,22,3.5,6.499999523162842,556.7815104367897,472.25105907249343,99,661.1,NOT_A_SHARED_3D_COORDINATE
fx10,top,14,1.5,4.499999523162842,475.4285138254845,537.5924840155204,99,661.1,NOT_A_SHARED_3D_COORDINATE
fx10,top,19,4.5,5.499999523162842,516.4980793789399,439.4451163665723,99,661.1,NOT_A_SHARED_3D_COORDINATE
fx10,top,20,6.5,5.499999523162842,515.9632589955696,374.93335307176426,99,661.1,NOT_A_SHARED_3D_COORDINATE
fx10,top,17,0.5,5.499999523162842,516.7926577350057,570.2466055647664,99,661.1,NOT_A_SHARED_3D_COORDINATE
fx10,top,21,1.5,6.499999523162842,556.8861801848132,537.398902179023,99,661.1,NOT_A_SHARED_3D_COORDINATE
fx10,top,10,0.5,3.500000238418579,435.02295187185376,570.6865167457943,99,661.1,NOT_A_SHARED_3D_COORDINATE
fx10,top,13,6.5,3.500000238418579,434.1774870040508,376.1173170877879,99,661.1,NOT_A_SHARED_3D_COORDINATE
fx10,top,27,6.5,7.499999523162842,597.2707696532725,373.9529384730939,99,661.1,NOT_A_SHARED_3D_COORDINATE
fx10,top,16,5.5,4.499999523162842,475.18906804711173,407.9078523469745,99,661.1,NOT_A_SHARED_3D_COORDINATE
fx10,top,7,1.5,2.5,394.5405228118987,538.9204230293918,99,661.1,NOT_A_SHARED_3D_COORDINATE
fx10,top,23,5.5,6.499999523162842,556.7074713423276,407.656052013945,99,661.1,NOT_A_SHARED_3D_COORDINATE
fx10,top,12,4.5,3.500000238418579,434.73344099157265,440.79057139909156,99,661.1,NOT_A_SHARED_3D_COORDINATE
fx10,top,11,2.5,3.500000238418579,434.6933340811764,506.0274764947322,99,661.1,NOT_A_SHARED_3D_COORDINATE
fx10,top,25,2.5,7.499999523162842,598.4832520712956,505.08451155267494,99,661.1,NOT_A_SHARED_3D_COORDINATE
fx10,top,28,1.5,8.5,639.816401535632,536.5275660609717,99,661.1,NOT_A_SHARED_3D_COORDINATE
fx10,top,33,4.5,9.5,679.2454935377523,438.36950808712027,99,661.1,NOT_A_SHARED_3D_COORDINATE
fx10,top,2,5.5,0.5,311.2514217660056,409.86993645979027,99,661.1,NOT_A_SHARED_3D_COORDINATE
fx10,top,6,6.5,1.5000001192092896,351.90583939062566,376.2533029151083,99,661.1,NOT_A_SHARED_3D_COORDINATE
fx10,top,34,6.5,9.5,677.9606645269489,373.50415638942235,99,661.1,NOT_A_SHARED_3D_COORDINATE
fx10,top,26,4.5,7.499999523162842,598.0735910630139,439.85855601366524,99,661.1,NOT_A_SHARED_3D_COORDINATE
fx10,top,9,5.5,2.5,393.1339382494293,409.39598345233634,99,661.1,NOT_A_SHARED_3D_COORDINATE
fx10,top,1,3.5,0.5,313.0054729408446,474.96957561545224,99,661.1,NOT_A_SHARED_3D_COORDINATE
fx10,top,24,0.5,7.499999523162842,598.8870889273995,569.4165444824564,99,661.1,NOT_A_SHARED_3D_COORDINATE
fx10,top,8,3.5,2.5,393.92525072446557,473.85451835013646,99,661.1,NOT_A_SHARED_3D_COORDINATE
fx10,top,18,2.5,5.499999523162842,516.3530696683182,504.6899650140903,99,661.1,NOT_A_SHARED_3D_COORDINATE
fx10,top,3,0.5,1.5000001192092896,353.52451757181035,571.6330262755348,99,661.1,NOT_A_SHARED_3D_COORDINATE
fx10,top,5,4.5,1.5000001192092896,353.1312134982226,441.94193574467056,99,661.1,NOT_A_SHARED_3D_COORDINATE
fx10,top,30,5.5,8.5,638.0641589563967,407.00592560431164,99,661.1,NOT_A_SHARED_3D_COORDINATE
fx10,top,32,2.5,9.5,679.6446858301388,504.00353347774416,99,661.1,NOT_A_SHARED_3D_COORDINATE
fx10,top,29,3.5,8.5,638.8418825012031,471.4296091779047,99,661.1,NOT_A_SHARED_3D_COORDINATE
fx10,top,31,0.5,9.5,679.911088980697,568.359285882111,99,661.1,NOT_A_SHARED_3D_COORDINATE
fx10,top,4,2.5,1.5000001192092896,352.7182364019431,506.41548954477156,99,661.1,NOT_A_SHARED_3D_COORDINATE
fx10,middle_rotated,30,5.5,8.5,467.59838759091525,1248.4874533917307,99,661.1,NOT_A_SHARED_3D_COORDINATE
fx10,middle_rotated,20,6.5,5.499999523162842,583.1604981610317,1200.9523445002187,99,661.1,NOT_A_SHARED_3D_COORDINATE
fx10,middle_rotated,19,4.5,5.499999523162842,523.5671636604767,1156.6708470920255,99,661.1,NOT_A_SHARED_3D_COORDINATE
fx10,middle_rotated,16,5.5,4.499999523162842,582.062258563558,1154.9873583115411,99,661.1,NOT_A_SHARED_3D_COORDINATE
fx10,middle_rotated,7,1.5,2.5,520.0078777006123,1019.526342516565,99,661.1,NOT_A_SHARED_3D_COORDINATE
fx10,middle_rotated,33,4.5,9.5,410.16260793525447,1249.7672146021437,99,661.1,NOT_A_SHARED_3D_COORDINATE
fx10,middle_rotated,14,1.5,4.499999523162842,463.0973191439753,1065.9227519220556,99,661.1,NOT_A_SHARED_3D_COORDINATE
fx10,middle_rotated,23,5.5,6.499999523162842,524.5006147545502,1202.5119260851855,99,661.1,NOT_A_SHARED_3D_COORDINATE
fx10,middle_rotated,0,1.5,0.5,576.7760491891404,971.3097334682792,99,661.1,NOT_A_SHARED_3D_COORDINATE
fx10,middle_rotated,13,6.5,3.500000238418579,639.2884766529155,1153.8247163757317,99,661.1,NOT_A_SHARED_3D_COORDINATE
fx10,middle_rotated,26,4.5,7.499999523162842,467.11083674389226,1203.1129653913295,99,661.1,NOT_A_SHARED_3D_COORDINATE
fx10,middle_rotated,22,3.5,6.499999523162842,465.6048657280332,1157.1645422021493,99,661.1,NOT_A_SHARED_3D_COORDINATE
fx10,middle_rotated,2,5.5,0.5,693.9640789606742,1061.1330780902106,99,661.1,NOT_A_SHARED_3D_COORDINATE
fx10,middle_rotated,12,4.5,3.500000238418579,580.3239844606389,1109.459174561254,99,661.1,NOT_A_SHARED_3D_COORDINATE
fx10,middle_rotated,34,6.5,9.5,469.32114831954016,1294.5953922724955,99,661.1,NOT_A_SHARED_3D_COORDINATE
fx10,middle_rotated,10,0.5,3.500000238418579,461.2659399635615,1019.8711363092157,99,661.1,NOT_A_SHARED_3D_COORDINATE
fx10,middle_rotated,18,2.5,5.499999523162842,464.30080207723745,1111.8057215983224,99,661.1,NOT_A_SHARED_3D_COORDINATE
fx10,middle_rotated,17,0.5,5.499999523162842,405.49169386453417,1067.034595426516,99,661.1,NOT_A_SHARED_3D_COORDINATE
fx10,middle_rotated,11,2.5,3.500000238418579,520.8846400435108,1064.9049499000032,99,661.1,NOT_A_SHARED_3D_COORDINATE
fx10,middle_rotated,3,0.5,1.5000001192092896,518.2080007275838,973.1026235643765,99,661.1,NOT_A_SHARED_3D_COORDINATE
fx10,middle_rotated,8,3.5,2.5,579.1612134448144,1064.0579661355266,99,661.1,NOT_A_SHARED_3D_COORDINATE
fx10,middle_rotated,21,1.5,6.499999523162842,406.82781902483015,1112.4346829352257,99,661.1,NOT_A_SHARED_3D_COORDINATE
fx10,middle_rotated,15,3.5,4.499999523162842,523.0240089022136,1110.9882839355757,99,661.1,NOT_A_SHARED_3D_COORDINATE
fx10,middle_rotated,5,4.5,1.5000001192092896,637.8639595053023,1063.0099663715475,99,661.1,NOT_A_SHARED_3D_COORDINATE
fx10,middle_rotated,9,5.5,2.5,638.1145245766306,1108.3997718237529,99,661.1,NOT_A_SHARED_3D_COORDINATE
fx10,middle_rotated,31,0.5,9.5,292.7658706576622,1160.9438065468034,99,661.1,NOT_A_SHARED_3D_COORDINATE
fx10,middle_rotated,32,2.5,9.5,351.4219724837592,1205.3765107581828,99,661.1,NOT_A_SHARED_3D_COORDINATE
fx10,middle_rotated,4,2.5,1.5000001192092896,577.5708015351622,1018.0378922765302,99,661.1,NOT_A_SHARED_3D_COORDINATE
fx10,middle_rotated,1,3.5,0.5,635.7145583320186,1016.6313635592348,99,661.1,NOT_A_SHARED_3D_COORDINATE
fx10,middle_rotated,29,3.5,8.5,409.79881392325296,1204.966732171128,99,661.1,NOT_A_SHARED_3D_COORDINATE
fx10,middle_rotated,28,1.5,8.5,350.29372242068206,1160.2967761075809,99,661.1,NOT_A_SHARED_3D_COORDINATE
fx10,middle_rotated,25,2.5,7.499999523162842,407.8468704376191,1159.3725639619183,99,661.1,NOT_A_SHARED_3D_COORDINATE
fx10,middle_rotated,24,0.5,7.499999523162842,348.2502389339885,1114.6918741971488,99,661.1,NOT_A_SHARED_3D_COORDINATE
fx10,middle_rotated,6,6.5,1.5000001192092896,695.353344636773,1106.7638402139094,99,661.1,NOT_A_SHARED_3D_COORDINATE
fx10,bottom,12,4.5,3.500000238418579,550.6152852964858,1805.3433751285193,99,661.1,NOT_A_SHARED_3D_COORDINATE
fx10,bottom,20,6.5,5.499999523162842,468.22452559306265,1869.8194577317363,99,661.1,NOT_A_SHARED_3D_COORDINATE
fx10,bottom,13,6.5,3.500000238418579,549.4032785019143,1870.053035263512,99,661.1,NOT_A_SHARED_3D_COORDINATE
fx10,bottom,17,0.5,5.499999523162842,470.5141999166284,1675.156445444887,99,661.1,NOT_A_SHARED_3D_COORDINATE
fx10,bottom,10,0.5,3.500000238418579,552.8347599938612,1675.1997721361693,99,661.1,NOT_A_SHARED_3D_COORDINATE
fx10,bottom,14,1.5,4.499999523162842,511.57740209946036,1707.4283766479634,99,661.1,NOT_A_SHARED_3D_COORDINATE
fx10,bottom,18,2.5,5.499999523162842,469.8354952074364,1740.1400261608278,99,661.1,NOT_A_SHARED_3D_COORDINATE
fx10,bottom,3,0.5,1.5000001192092896,634.0734738143174,1675.4343850490052,99,661.1,NOT_A_SHARED_3D_COORDINATE
fx10,bottom,6,6.5,1.5000001192092896,631.2279411541966,1870.3690573678648,99,661.1,NOT_A_SHARED_3D_COORDINATE
fx10,bottom,22,3.5,6.499999523162842,428.39034272335294,1772.2089355649232,99,661.1,NOT_A_SHARED_3D_COORDINATE
fx10,bottom,11,2.5,3.500000238418579,551.912681394469,1739.9389595952375,99,661.1,NOT_A_SHARED_3D_COORDINATE
fx10,bottom,24,0.5,7.499999523162842,388.4203686823956,1674.6347208569218,99,661.1,NOT_A_SHARED_3D_COORDINATE
fx10,bottom,5,4.5,1.5000001192092896,631.8102229054354,1805.702517480813,99,661.1,NOT_A_SHARED_3D_COORDINATE
fx10,bottom,23,5.5,6.499999523162842,428.25472722722475,1837.1124862039621,99,661.1,NOT_A_SHARED_3D_COORDINATE
fx10,bottom,4,2.5,1.5000001192092896,632.714066075214,1740.976661852653,99,661.1,NOT_A_SHARED_3D_COORDINATE
fx10,bottom,34,6.5,9.5,305.3344653529558,1869.3666132407718,99,661.1,NOT_A_SHARED_3D_COORDINATE
fx10,bottom,8,3.5,2.5,591.8125104284512,1773.0363878363976,99,661.1,NOT_A_SHARED_3D_COORDINATE
fx10,bottom,1,3.5,0.5,673.3058416571329,1772.0203036953467,99,661.1,NOT_A_SHARED_3D_COORDINATE
fx10,bottom,15,3.5,4.499999523162842,510.66745579545756,1772.5068286413189,99,661.1,NOT_A_SHARED_3D_COORDINATE
fx10,bottom,16,5.5,4.499999523162842,509.6280025889789,1837.6136075400639,99,661.1,NOT_A_SHARED_3D_COORDINATE
fx10,bottom,19,4.5,5.499999523162842,469.0469863955894,1804.968029827464,99,661.1,NOT_A_SHARED_3D_COORDINATE
fx10,bottom,9,5.5,2.5,590.2754270912411,1837.6102728278381,99,661.1,NOT_A_SHARED_3D_COORDINATE
fx10,bottom,33,4.5,9.5,306.09231528348937,1804.695490898347,99,661.1,NOT_A_SHARED_3D_COORDINATE
fx10,bottom,26,4.5,7.499999523162842,387.08489754059974,1804.5709202991316,99,661.1,NOT_A_SHARED_3D_COORDINATE
fx10,bottom,0,1.5,0.5,674.6251477211612,1707.9604381189965,99,661.1,NOT_A_SHARED_3D_COORDINATE
fx10,bottom,28,1.5,8.5,348.37440690083804,1706.6991426922848,99,661.1,NOT_A_SHARED_3D_COORDINATE
fx10,bottom,21,1.5,6.499999523162842,429.042474537961,1707.1091898749648,99,661.1,NOT_A_SHARED_3D_COORDINATE
fx10,bottom,30,5.5,8.5,346.4825136439829,1836.8785762043485,99,661.1,NOT_A_SHARED_3D_COORDINATE
fx10,bottom,29,3.5,8.5,347.15573492671007,1772.1189680443017,99,661.1,NOT_A_SHARED_3D_COORDINATE
fx10,bottom,7,1.5,2.5,592.6381304536455,1707.6838558555864,99,661.1,NOT_A_SHARED_3D_COORDINATE
fx10,bottom,31,0.5,9.5,307.5454276803015,1674.7061963794351,99,661.1,NOT_A_SHARED_3D_COORDINATE
fx10,bottom,2,5.5,0.5,672.6289693374639,1837.7668619659867,99,661.1,NOT_A_SHARED_3D_COORDINATE
fx10,bottom,32,2.5,9.5,307.18222785781995,1739.1693227720136,99,661.1,NOT_A_SHARED_3D_COORDINATE
fx10,bottom,25,2.5,7.499999523162842,387.8023146345967,1739.9305919999579,99,661.1,NOT_A_SHARED_3D_COORDINATE
fx17,top,21,1.5,6.499999523162842,326.91588525957775,433.44548123429996,105,1301.56,NOT_A_SHARED_3D_COORDINATE
fx17,top,11,2.5,3.500000238418579,249.16666412353516,401.5,105,1301.56,NOT_A_SHARED_3D_COORDINATE
fx17,top,22,3.5,6.499999523162842,326.95601425862526,368.3310172123672,105,1301.56,NOT_A_SHARED_3D_COORDINATE
fx17,top,17,0.5,5.499999523162842,301.166661223967,465.99999606096515,105,1301.56,NOT_A_SHARED_3D_COORDINATE
fx17,top,13,6.5,3.500000238418579,248.81305933616994,272.02580460423445,105,1301.56,NOT_A_SHARED_3D_COORDINATE
fx17,top,12,4.5,3.500000238418579,248.76957082474112,336.5878311339837,105,1301.56,NOT_A_SHARED_3D_COORDINATE
fx17,top,24,0.5,7.499999523162842,353.0786526304824,465.38957607129106,105,1301.56,NOT_A_SHARED_3D_COORDINATE
fx17,top,10,0.5,3.500000238418579,249.8518892381955,466.589801658154,105,1301.56,NOT_A_SHARED_3D_COORDINATE
fx17,top,14,1.5,4.499999523162842,274.9382757907423,433.9199871012646,105,1301.56,NOT_A_SHARED_3D_COORDINATE
fx17,top,31,0.5,9.5,404.8993813432503,465.4726542686812,105,1301.56,NOT_A_SHARED_3D_COORDINATE
fx17,top,15,3.5,4.499999523162842,275.0414631062514,369.11214780545134,105,1301.56,NOT_A_SHARED_3D_COORDINATE
fx17,top,19,4.5,5.499999523162842,300.75195747343383,335.8894482390312,105,1301.56,NOT_A_SHARED_3D_COORDINATE
fx17,top,20,6.5,5.499999523162842,300.5638000035904,271.25213401402664,105,1301.56,NOT_A_SHARED_3D_COORDINATE
fx17,top,18,2.5,5.499999523162842,301.06174049482536,401.08548678881874,105,1301.56,NOT_A_SHARED_3D_COORDINATE
fx17,top,28,1.5,8.5,378.75077123456293,432.72274054584506,105,1301.56,NOT_A_SHARED_3D_COORDINATE
fx17,top,23,5.5,6.499999523162842,326.49999643644196,303.5000051007781,105,1301.56,NOT_A_SHARED_3D_COORDINATE
fx17,top,3,0.5,1.5000001192092896,197.99999715417923,466.9999960596316,105,1301.56,NOT_A_SHARED_3D_COORDINATE
fx17,top,30,5.5,8.5,378.0207798925467,302.9712278073177,105,1301.56,NOT_A_SHARED_3D_COORDINATE
fx17,top,29,3.5,8.5,378.18540977841724,368.19176602658393,105,1301.56,NOT_A_SHARED_3D_COORDINATE
fx17,top,16,5.5,4.499999523162842,274.8146030864522,303.80823720204955,105,1301.56,NOT_A_SHARED_3D_COORDINATE
fx17,top,27,6.5,7.499999523162842,352.4812702182691,270.8082412536812,105,1301.56,NOT_A_SHARED_3D_COORDINATE
fx17,top,33,4.5,9.5,404.0214776022279,334.97216247544145,105,1301.56,NOT_A_SHARED_3D_COORDINATE
fx17,top,6,6.5,1.5000001192092896,197.3118616783808,272.3611708910415,105,1301.56,NOT_A_SHARED_3D_COORDINATE
fx17,top,7,1.5,2.5,223.72710187250905,434.24388801683665,105,1301.56,NOT_A_SHARED_3D_COORDINATE
fx17,top,26,4.5,7.499999523162842,352.4119504072466,335.5578065149627,105,1301.56,NOT_A_SHARED_3D_COORDINATE
fx17,top,9,5.5,2.5,223.07861999533236,304.2244774852757,105,1301.56,NOT_A_SHARED_3D_COORDINATE
fx17,top,5,4.5,1.5000001192092896,197.56250881571722,337.0882477398361,105,1301.56,NOT_A_SHARED_3D_COORDINATE
fx17,top,25,2.5,7.499999523162842,353.18785110598117,400.75648920089924,105,1301.56,NOT_A_SHARED_3D_COORDINATE
fx17,top,32,2.5,9.5,404.246446352961,399.88735549343005,105,1301.56,NOT_A_SHARED_3D_COORDINATE
fx17,top,8,3.5,2.5,223.419045148577,368.828568812779,105,1301.56,NOT_A_SHARED_3D_COORDINATE
fx17,top,2,5.5,0.5,172.06261755092203,304.91882911835046,105,1301.56,NOT_A_SHARED_3D_COORDINATE
fx17,top,4,2.5,1.5000001192092896,197.73776258947126,401.8650730065973,105,1301.56,NOT_A_SHARED_3D_COORDINATE
fx17,top,34,6.5,9.5,403.83333649034995,270.50000813445854,105,1301.56,NOT_A_SHARED_3D_COORDINATE
fx17,top,1,3.5,0.5,172.16666599420415,369.8333384807301,105,1301.56,NOT_A_SHARED_3D_COORDINATE
fx17,middle_rotated,34,6.5,9.5,270.6550298212811,1190.4182896804452,105,1301.56,NOT_A_SHARED_3D_COORDINATE
fx17,middle_rotated,3,0.5,1.5000001192092896,302.1968175535407,869.2587832289128,105,1301.56,NOT_A_SHARED_3D_COORDINATE
fx17,middle_rotated,14,1.5,4.499999523162842,267.29484089447095,961.9404905115531,105,1301.56,NOT_A_SHARED_3D_COORDINATE
fx17,middle_rotated,26,4.5,7.499999523162842,269.5038960988971,1099.3375178970819,105,1301.56,NOT_A_SHARED_3D_COORDINATE
fx17,middle_rotated,27,6.5,7.499999523162842,306.7681383223111,1144.1091934559872,105,1301.56,NOT_A_SHARED_3D_COORDINATE
fx17,middle_rotated,11,2.5,3.500000238418579,303.67093898528475,961.1478080363274,105,1301.56,NOT_A_SHARED_3D_COORDINATE
fx17,middle_rotated,13,6.5,3.500000238418579,378.4802563851613,1050.4746568734363,105,1301.56,NOT_A_SHARED_3D_COORDINATE
fx17,middle_rotated,20,6.5,5.499999523162842,342.67829371527455,1097.7876413735048,105,1301.56,NOT_A_SHARED_3D_COORDINATE
fx17,middle_rotated,16,5.5,4.499999523162842,341.9996496286704,1051.491328177271,105,1301.56,NOT_A_SHARED_3D_COORDINATE
fx17,middle_rotated,23,5.5,6.499999523162842,305.84448249480266,1098.4877190495222,105,1301.56,NOT_A_SHARED_3D_COORDINATE
fx17,middle_rotated,19,4.5,5.499999523162842,305.26812077866646,1052.7863318204495,105,1301.56,NOT_A_SHARED_3D_COORDINATE
fx17,middle_rotated,30,5.5,8.5,269.7424106901173,1144.8039033333716,105,1301.56,NOT_A_SHARED_3D_COORDINATE
fx17,middle_rotated,15,3.5,4.499999523162842,304.832413913357,1007.0083435875722,105,1301.56,NOT_A_SHARED_3D_COORDINATE
fx17,middle_rotated,9,5.5,2.5,377.65914817328394,1004.5470893814404,105,1301.56,NOT_A_SHARED_3D_COORDINATE
fx17,middle_rotated,12,4.5,3.500000238418579,341.17026253023806,1006.1453017303452,105,1301.56,NOT_A_SHARED_3D_COORDINATE
fx17,middle_rotated,25,2.5,7.499999523162842,231.84873492995314,1054.6368924357507,105,1301.56,NOT_A_SHARED_3D_COORDINATE
fx17,middle_rotated,4,2.5,1.5000001192092896,339.824695857667,914.0042004759562,105,1301.56,NOT_A_SHARED_3D_COORDINATE
fx17,middle_rotated,7,1.5,2.5,303.01206089535367,915.2138806448291,105,1301.56,NOT_A_SHARED_3D_COORDINATE
fx17,middle_rotated,22,3.5,6.499999523162842,268.5267238854393,1053.9973938504731,105,1301.56,NOT_A_SHARED_3D_COORDINATE
fx17,middle_rotated,1,3.5,0.5,376.6264891949617,913.3668311428366,105,1301.56,NOT_A_SHARED_3D_COORDINATE
fx17,middle_rotated,10,0.5,3.500000238418579,266.33580846330716,916.2890638678465,105,1301.56,NOT_A_SHARED_3D_COORDINATE
fx17,middle_rotated,5,4.5,1.5000001192092896,377.02716282367936,959.1317457297354,105,1301.56,NOT_A_SHARED_3D_COORDINATE
fx17,middle_rotated,31,0.5,9.5,159.66016862679464,1055.969067718189,105,1301.56,NOT_A_SHARED_3D_COORDINATE
fx17,middle_rotated,17,0.5,5.499999523162842,230.5656846508618,962.7339213887226,105,1301.56,NOT_A_SHARED_3D_COORDINATE
fx17,middle_rotated,28,1.5,8.5,195.50119288256676,1055.539365124703,105,1301.56,NOT_A_SHARED_3D_COORDINATE
fx17,middle_rotated,33,4.5,9.5,233.49181379111346,1145.896511600885,105,1301.56,NOT_A_SHARED_3D_COORDINATE
fx17,middle_rotated,29,3.5,8.5,232.84667196065834,1100.2217039860054,105,1301.56,NOT_A_SHARED_3D_COORDINATE
fx17,middle_rotated,2,5.5,0.5,413.5065792926658,958.0312903545341,105,1301.56,NOT_A_SHARED_3D_COORDINATE
fx17,middle_rotated,24,0.5,7.499999523162842,195.00729855219768,1009.86127557747,105,1301.56,NOT_A_SHARED_3D_COORDINATE
fx17,middle_rotated,32,2.5,9.5,196.79185058092938,1100.8424331482934,105,1301.56,NOT_A_SHARED_3D_COORDINATE
fx17,middle_rotated,21,1.5,6.499999523162842,231.35898130176034,1008.0442031941641,105,1301.56,NOT_A_SHARED_3D_COORDINATE
fx17,middle_rotated,6,6.5,1.5000001192092896,414.72512036692603,1003.8368873914557,105,1301.56,NOT_A_SHARED_3D_COORDINATE
fx17,middle_rotated,18,2.5,5.499999523162842,268.0170515987636,1008.1851211686208,105,1301.56,NOT_A_SHARED_3D_COORDINATE
fx17,middle_rotated,8,3.5,2.5,340.49453062863563,959.8213339244019,105,1301.56,NOT_A_SHARED_3D_COORDINATE
fx17,bottom,5,4.5,1.5000001192092896,374.4864974473345,1701.4806728086933,105,1301.56,NOT_A_SHARED_3D_COORDINATE
fx17,bottom,18,2.5,5.499999523162842,271.33333587646484,1635.6666679382322,105,1301.56,NOT_A_SHARED_3D_COORDINATE
fx17,bottom,15,3.5,4.499999523162842,296.97694007403516,1668.5284131385476,105,1301.56,NOT_A_SHARED_3D_COORDINATE
fx17,bottom,9,5.5,2.5,348.3102663668283,1733.861743793568,105,1301.56,NOT_A_SHARED_3D_COORDINATE
fx17,bottom,8,3.5,2.5,348.89497019940234,1668.9215466154508,105,1301.56,NOT_A_SHARED_3D_COORDINATE
fx17,bottom,22,3.5,6.499999523162842,245.16666412353513,1668.0,105,1301.56,NOT_A_SHARED_3D_COORDINATE
fx17,bottom,11,2.5,3.500000238418579,323.3789469507276,1636.0631538136647,105,1301.56,NOT_A_SHARED_3D_COORDINATE
fx17,bottom,12,4.5,3.500000238418579,322.7303581040394,1701.0881916911924,105,1301.56,NOT_A_SHARED_3D_COORDINATE
fx17,bottom,13,6.5,3.500000238418579,321.80901507396186,1765.5652226359953,105,1301.56,NOT_A_SHARED_3D_COORDINATE
fx17,bottom,17,0.5,5.499999523162842,271.9201596394868,1570.7212504577242,105,1301.56,NOT_A_SHARED_3D_COORDINATE
fx17,bottom,20,6.5,5.499999523162842,270.177521544404,1764.9479322465218,105,1301.56,NOT_A_SHARED_3D_COORDINATE
fx17,bottom,16,5.5,4.499999523162842,296.3333349334383,1733.1666729148728,105,1301.56,NOT_A_SHARED_3D_COORDINATE
fx17,bottom,6,6.5,1.5000001192092896,373.75623827133865,1766.0563053907126,105,1301.56,NOT_A_SHARED_3D_COORDINATE
fx17,bottom,10,0.5,3.500000238418579,323.6148061089755,1570.8538813157204,105,1301.56,NOT_A_SHARED_3D_COORDINATE
fx17,bottom,2,5.5,0.5,399.92017305631094,1733.8894702559267,105,1301.56,NOT_A_SHARED_3D_COORDINATE
fx17,bottom,21,1.5,6.499999523162842,245.71153663313203,1603.0621311853656,105,1301.56,NOT_A_SHARED_3D_COORDINATE
fx17,bottom,27,6.5,7.499999523162842,218.65115295751127,1764.6437076000918,105,1301.56,NOT_A_SHARED_3D_COORDINATE
fx17,bottom,24,0.5,7.499999523162842,220.4865010278579,1570.147345878049,105,1301.56,NOT_A_SHARED_3D_COORDINATE
fx17,bottom,19,4.5,5.499999523162842,270.6938386130948,1700.3003382835864,105,1301.56,NOT_A_SHARED_3D_COORDINATE
fx17,bottom,14,1.5,4.499999523162842,297.6394911189724,1603.6996637167945,105,1301.56,NOT_A_SHARED_3D_COORDINATE
fx17,bottom,3,0.5,1.5000001192092896,375.3494059004605,1572.022261353168,105,1301.56,NOT_A_SHARED_3D_COORDINATE
fx17,bottom,1,3.5,0.5,400.47571032053423,1669.5304725407825,105,1301.56,NOT_A_SHARED_3D_COORDINATE
fx17,bottom,7,1.5,2.5,349.19095633705217,1603.802869778743,105,1301.56,NOT_A_SHARED_3D_COORDINATE
fx17,bottom,29,3.5,8.5,193.54233219475552,1667.1611710890534,105,1301.56,NOT_A_SHARED_3D_COORDINATE
fx17,bottom,4,2.5,1.5000001192092896,374.9999985770905,1636.666665968047,105,1301.56,NOT_A_SHARED_3D_COORDINATE
fx17,bottom,23,5.5,6.499999523162842,244.7289851074201,1732.5909886467423,105,1301.56,NOT_A_SHARED_3D_COORDINATE
fx17,bottom,28,1.5,8.5,194.41035878516402,1602.6124590098123,105,1301.56,NOT_A_SHARED_3D_COORDINATE
fx17,bottom,26,4.5,7.499999523162842,219.22917841934185,1700.088244705523,105,1301.56,NOT_A_SHARED_3D_COORDINATE
fx17,bottom,25,2.5,7.499999523162842,219.7535544186697,1634.887378124611,105,1301.56,NOT_A_SHARED_3D_COORDINATE
fx17,bottom,34,6.5,9.5,167.57877945182264,1764.111218049632,105,1301.56,NOT_A_SHARED_3D_COORDINATE
fx17,bottom,0,1.5,0.5,401.0,1604.5,105,1301.56,NOT_A_SHARED_3D_COORDINATE
fx17,bottom,31,0.5,9.5,169.484124960049,1569.6442542133389,105,1301.56,NOT_A_SHARED_3D_COORDINATE
fx17,bottom,30,5.5,8.5,193.16063397423022,1731.99148684804,105,1301.56,NOT_A_SHARED_3D_COORDINATE
fx17,bottom,32,2.5,9.5,168.74365948715595,1634.7775358208432,105,1301.56,NOT_A_SHARED_3D_COORDINATE
fx17,bottom,33,4.5,9.5,168.36212935871038,1699.3747963609956,105,1301.56,NOT_A_SHARED_3D_COORDINATE
