patch_id,patch_name,descriptor,valid_dark_n,dark_median,valid_zero_n,zero_median,joint_valid_n,mean_absolute_offset_effect
1,green_tissue_a,NDVI_800_680,120,0.5283797383308411,120,0.4603794813156128,120,0.06960398703813553
1,green_tissue_a,NDRE_790_720,109,0.18544431030750275,109,0.16964001953601837,109,0.01686219871044159
1,green_tissue_a,GNDVI_800_550,120,0.4211905300617218,120,0.3139726519584656,120,0.11298944056034088
1,green_tissue_a,PRI_531_570,240,-0.022594287991523743,240,0.027388593181967735,240,0.049517594277858734
1,green_tissue_a,PSRI_678_500_750,128,0.0012560568284243345,128,-0.18571160733699799,128,0.19243104755878448
1,green_tissue_a,SIPI_800_445_680,120,0.966436505317688,120,0.5015054941177368,120,0.5167904496192932
2,green_tissue_b,NDVI_800_680,106,0.42025092244148254,106,0.3226625323295593,106,0.11845865845680237
2,green_tissue_b,NDRE_790_720,106,0.1095656231045723,106,0.08948687463998795,106,0.020838335156440735
2,green_tissue_b,GNDVI_800_550,106,0.28650128841400146,106,0.10187236964702606,106,0.1896122246980667
2,green_tissue_b,PRI_531_570,106,0.010423008352518082,106,0.07858362793922424,106,0.06966526061296463
2,green_tissue_b,PSRI_678_500_750,106,-0.06623269617557526,106,-0.45895153284072876,106,0.412863165140152
2,green_tissue_b,SIPI_800_445_680,106,0.6606701612472534,106,-0.6316312551498413,106,1.5030580759048462
3,upper_broad_leaf,NDVI_800_680,953,0.6890087723731995,953,0.5815197825431824,953,0.10768353193998337
3,upper_broad_leaf,NDRE_790_720,932,0.11020767688751221,932,0.10024861991405487,932,0.010842290706932545
3,upper_broad_leaf,GNDVI_800_550,953,0.5523115396499634,953,0.37236395478248596,953,0.17624753713607788
3,upper_broad_leaf,PRI_531_570,954,0.020029239356517792,954,0.08249355852603912,954,0.061660200357437134
3,upper_broad_leaf,PSRI_678_500_750,936,-0.07208263128995895,936,-0.2891881465911865,936,0.22141887247562408
3,upper_broad_leaf,SIPI_800_445_680,953,0.828935444355011,953,0.32783079147338867,953,0.514656662940979
4,lower_green_leaf,NDVI_800_680,195,0.7215320467948914,195,0.6192342042922974,195,0.10212239623069763
4,lower_green_leaf,NDRE_790_720,164,0.20766280591487885,164,0.18912187218666077,164,0.018383260816335678
4,lower_green_leaf,GNDVI_800_550,195,0.5402447581291199,195,0.39723488688468933,195,0.14657238125801086
4,lower_green_leaf,PRI_531_570,436,0.035002052783966064,436,0.07670563459396362,436,0.04175703227519989
4,lower_green_leaf,PSRI_678_500_750,176,-0.07950074970722198,176,-0.2653185725212097,176,0.1885470449924469
4,lower_green_leaf,SIPI_800_445_680,195,0.8130849599838257,195,0.43046507239341736,195,0.3897656202316284
5,upper_left_leaf,NDVI_800_680,621,0.6406651735305786,621,0.5492156744003296,621,0.0939655750989914
5,upper_left_leaf,NDRE_790_720,621,0.1926417499780655,621,0.17499211430549622,621,0.018773457035422325
5,upper_left_leaf,GNDVI_800_550,621,0.4574543535709381,621,0.32653161883354187,621,0.13787563145160675
5,upper_left_leaf,PRI_531_570,621,0.033610761165618896,621,0.07504405081272125,621,0.042443133890628815
5,upper_left_leaf,PSRI_678_500_750,621,-0.09421739727258682,621,-0.2780719995498657,621,0.19842201471328735
5,upper_left_leaf,SIPI_800_445_680,621,0.7921281456947327,621,0.37555283308029175,621,0.5141652822494507
6,upper_right_leaf,NDVI_800_680,674,0.673370361328125,674,0.5026479959487915,674,0.15160588920116425
6,upper_right_leaf,NDRE_790_720,674,0.16012728214263916,674,0.13596892356872559,674,0.025497067719697952
6,upper_right_leaf,GNDVI_800_550,674,0.4370499849319458,674,0.21451601386070251,674,0.21792393922805786
6,upper_right_leaf,PRI_531_570,674,0.05358022451400757,674,0.10904793441295624,674,0.05254065617918968
6,upper_right_leaf,PSRI_678_500_750,674,-0.14835409820079803,674,-0.48297494649887085,674,0.3478133976459503
6,upper_right_leaf,SIPI_800_445_680,674,0.5960466861724854,674,-0.2932044267654419,674,1.011928677558899
7,lower_right_leaf,NDVI_800_680,621,0.6966239213943481,621,0.550029456615448,621,0.13597792387008667
7,lower_right_leaf,NDRE_790_720,621,0.192804217338562,621,0.16666091978549957,621,0.024765249341726303
7,lower_right_leaf,GNDVI_800_550,621,0.47910332679748535,621,0.27297165989875793,621,0.19522173702716827
7,lower_right_leaf,PRI_531_570,621,0.043719060719013214,621,0.09809176623821259,621,0.05366675183176994
7,lower_right_leaf,PSRI_678_500_750,621,-0.12018689513206482,621,-0.4160527288913727,621,0.2868821918964386
7,lower_right_leaf,SIPI_800_445_680,621,0.697093665599823,621,0.009091274812817574,621,0.7032727003097534
8,upper_green_leaf,NDVI_800_680,373,0.6626195907592773,373,0.5364624857902527,373,0.12375656515359879
8,upper_green_leaf,NDRE_790_720,372,0.1815151870250702,372,0.1592406928539276,372,0.02327805384993553
8,upper_green_leaf,GNDVI_800_550,373,0.4651721119880676,373,0.28108665347099304,373,0.1833694875240326
8,upper_green_leaf,PRI_531_570,375,0.05119814723730087,375,0.09923640638589859,375,0.046779923141002655
8,upper_green_leaf,PSRI_678_500_750,372,-0.12975019216537476,372,-0.39728057384490967,372,0.2627398669719696
8,upper_green_leaf,SIPI_800_445_680,373,0.6395902037620544,373,0.035565003752708435,373,0.6035411357879639
9,lower_green_leaf,NDVI_800_680,193,0.6229219436645508,193,0.5362962484359741,193,0.08539153635501862
9,lower_green_leaf,NDRE_790_720,153,0.24973781406879425,153,0.2272312343120575,153,0.025016993284225464
9,lower_green_leaf,GNDVI_800_550,193,0.49578285217285156,193,0.35638129711151123,193,0.14113253355026245
9,lower_green_leaf,PRI_531_570,417,0.0409681610763073,417,0.07545549422502518,417,0.035363465547561646
9,lower_green_leaf,PSRI_678_500_750,187,-0.09905358403921127,187,-0.2634729743003845,187,0.17350885272026062
9,lower_green_leaf,SIPI_800_445_680,193,0.7396368980407715,193,0.3879539966583252,193,0.379902184009552
10,lower_left_green_leaf,NDVI_800_680,1586,0.7474410533905029,1586,0.6354838013648987,1586,0.11217132210731506
10,lower_left_green_leaf,NDRE_790_720,1501,0.17232786118984222,1501,0.15690264105796814,1501,0.01578250341117382
10,lower_left_green_leaf,GNDVI_800_550,1586,0.47716882824897766,1586,0.3424621820449829,1586,0.13308796286582947
10,lower_left_green_leaf,PRI_531_570,1749,0.056432779878377914,1749,0.08769449591636658,1749,0.03069394826889038
10,lower_left_green_leaf,PSRI_678_500_750,1513,-0.1270284652709961,1513,-0.3091852366924286,1513,0.1870337426662445
10,lower_left_green_leaf,SIPI_800_445_680,1586,0.6969020366668701,1586,0.35053306818008423,1586,0.3615915775299072
11,upper_left_red_leaf,NDVI_800_680,748,0.17999236285686493,748,0.1619429886341095,748,0.02394546940922737
11,upper_left_red_leaf,NDRE_790_720,746,0.029799167066812515,746,0.027822129428386688,746,0.0022524679079651833
11,upper_left_red_leaf,GNDVI_800_550,748,0.43799129128456116,748,0.32853227853775024,748,0.10938246548175812
11,upper_left_red_leaf,PRI_531_570,1096,-0.03051796928048134,1096,0.01759248599410057,1096,0.049767911434173584
11,upper_left_red_leaf,PSRI_678_500_750,601,0.3569616973400116,601,0.1458449512720108,601,0.1938566118478775
11,upper_left_red_leaf,SIPI_800_445_680,748,1.8159807920455933,748,0.9865995645523071,748,0.7915284037590027
12,outer_red_leaf_UNCOVERED,NDVI_800_680,0,,0,,0,
12,outer_red_leaf_UNCOVERED,NDRE_790_720,0,,0,,0,
12,outer_red_leaf_UNCOVERED,GNDVI_800_550,0,,0,,0,
12,outer_red_leaf_UNCOVERED,PRI_531_570,0,,0,,0,
12,outer_red_leaf_UNCOVERED,PSRI_678_500_750,0,,0,,0,
12,outer_red_leaf_UNCOVERED,SIPI_800_445_680,0,,0,,0,
