sensor,region,sample_n,band_n,sample_band_cells,finite_q_cells,finite_q0_cells,paired_finite_cells,strict_clear_flag_cells,q_valid_cell_percent,samples_with_any_Q,samples_all_bands_Q,samples_all_bands_strict,q_minus_q0_all_paired_cells,absolute_q_minus_q0_strict_cells,outside_reviewed_reference_support_cells,outside_reviewed_reference_support_samples,sample_suspected_clipping_cells,sample_suspected_clipping_samples,reference_suspected_clipping_cells,reference_suspected_clipping_samples,weak_white_minus_dark_cells,weak_white_minus_dark_samples,raw_zero_cells,raw_zero_samples,low_signal_above_dark_advisory_cells,low_signal_above_dark_advisory_samples
fx10,all_reviewed_regions,7982,224,1787968,1591044,1591044,1591044,1591036,88.98615635179154,7289,5335,5327,"{""n"": 1591044, ""min"": -0.6469222605228424, ""p05"": -0.39056056365370745, ""p10"": -0.33421558141708374, ""p25"": -0.16374214738607407, ""median"": -0.06561082601547241, ""p75"": -0.000145837664604187, ""p90"": 0.020020568370819086, ""p95"": 0.032835924625396695, ""max"": 0.1681281328201294, ""mean"": -0.10589397338363468, ""sd_population"": 0.13512903663076586}","{""n"": 1591036, ""min"": 0.0, ""p05"": 0.003451824188232422, ""p10"": 0.0071141719818115234, ""p25"": 0.01944027841091156, ""median"": 0.068431556224823, ""p75"": 0.16373944282531738, ""p90"": 0.334212526679039, ""p95"": 0.39054545760154724, ""max"": 0.6297732293605804, ""mean"": 0.11635664912717358, ""sd_population"": 0.12622532228612335}",155232,693,50780,2332,0,0,0,0,0,0,8,8
fx10,R1,346,224,77504,72990,72990,72990,72988,94.17578447563997,346,198,196,"{""n"": 72990, ""min"": -0.6431726664304733, ""p05"": -0.427104814350605, ""p10"": -0.38759819269180296, ""p25"": -0.16860230267047882, ""median"": -0.06691084802150726, ""p75"": -0.007172837853431702, ""p90"": 0.037067329883575445, ""p95"": 0.05726035237312317, ""max"": 0.1681281328201294, ""mean"": -0.11433581080232064, ""sd_population"": 0.15092093633491255}","{""n"": 72988, ""min"": 0.0, ""p05"": 0.00943441390991211, ""p10"": 0.017142879962921145, ""p25"": 0.03999042510986328, ""median"": 0.07190362364053726, ""p75"": 0.16857648640871048, ""p90"": 0.38758890926837924, ""p95"": 0.4270658425986767, ""max"": 0.5918778479099274, ""mean"": 0.13199321600496394, ""sd_population"": 0.13571487575761687}",0,0,4514,148,0,0,0,0,0,0,2,2
fx10,R2,1390,224,311360,302151,302151,302151,302151,97.04233042137719,1390,1014,1014,"{""n"": 302151, ""min"": -0.59839928150177, ""p05"": -0.42545557022094727, ""p10"": -0.38874098658561707, ""p25"": -0.17712096869945526, ""median"": -0.07018280029296875, ""p75"": -0.0015826523303985596, ""p90"": 0.016118407249450684, ""p95"": 0.03155016899108887, ""max"": 0.13570833206176758, ""mean"": -0.11519439013293395, ""sd_population"": 0.14965015565821096}","{""n"": 302151, ""min"": 0.0, ""p05"": 0.0022518932819366455, ""p10"": 0.004503309726715088, ""p25"": 0.013214200735092163, ""median"": 0.07276332378387451, ""p75"": 0.17712096869945526, ""p90"": 0.38874098658561707, ""p95"": 0.42545557022094727, ""max"": 0.59839928150177, ""mean"": 0.12435241861405184, ""sd_population"": 0.14213160307074915}",0,0,9209,376,0,0,0,0,0,0,0,0
fx10,R3,1916,224,429184,429087,429087,429087,429081,99.97739897107068,1916,1884,1878,"{""n"": 429087, ""min"": -0.6469222605228424, ""p05"": -0.42503899335861206, ""p10"": -0.38500380516052246, ""p25"": -0.1751912385225296, ""median"": -0.07751849293708801, ""p75"": -0.027058959007263184, ""p90"": -0.0021460533142089525, ""p95"": 0.007514464855194053, ""max"": 0.0384296178817749, ""mean"": -0.12883862088270367, ""sd_population"": 0.13856264633595294}","{""n"": 429081, ""min"": 0.0, ""p05"": 0.0054045915603637695, ""p10"": 0.010472655296325684, ""p25"": 0.02714437246322632, ""median"": 0.07751747965812683, ""p75"": 0.17518875002861023, ""p90"": 0.38499289751052856, ""p95"": 0.4250291883945465, ""max"": 0.6297732293605804, ""mean"": 0.13045920801282226, ""sd_population"": 0.1370211400306138}",0,0,97,32,0,0,0,0,0,0,6,6
fx10,R4,792,224,177408,168791,168791,168791,168791,95.14283459595958,792,497,497,"{""n"": 168791, ""min"": -0.5035211145877838, ""p05"": -0.36087721586227417, ""p10"": -0.32181891798973083, ""p25"": -0.17541754245758057, ""median"": -0.07226461172103882, ""p75"": -0.0166454017162323, ""p90"": 0.022258758544921875, ""p95"": 0.040179431438446045, ""max"": 0.1229410171508789, ""mean"": -0.10786445961229248, ""sd_population"": 0.125988230731498}","{""n"": 168791, ""min"": 0.0, ""p05"": 0.007059991359710693, ""p10"": 0.013093352317810059, ""p25"": 0.02573445439338684, ""median"": 0.07382890582084656, ""p75"": 0.17541754245758057, ""p90"": 0.32181891798973083, ""p95"": 0.36087721586227417, ""max"": 0.5035211145877838, ""mean"": 0.1182327370376959, ""sd_population"": 0.11631335186847686}",0,0,8617,295,0,0,0,0,0,0,0,0
fx10,R5,3538,224,792512,618025,618025,618025,618025,77.98304631349431,2845,1742,1742,"{""n"": 618025, ""min"": -0.4192379415035248, ""p05"": -0.3282228708267212, ""p10"": -0.29444131851196287, ""p25"": -0.14597830176353455, ""median"": -0.03214097023010254, ""p75"": 0.012475967407226562, ""p90"": 0.028121113777160645, ""p95"": 0.03873093128204344, ""max"": 0.13446414470672607, ""mean"": -0.08388167576321187, ""sd_population"": 0.12166433414894047}","{""n"": 618025, ""min"": 0.0, ""p05"": 0.002892732620239258, ""p10"": 0.005835437774658203, ""p25"": 0.015502452850341797, ""median"": 0.049978673458099365, ""p75"": 0.14597830176353455, ""p90"": 0.29444131851196287, ""p95"": 0.3282228708267212, ""max"": 0.4192379415035248, ""mean"": 0.10029739859002071, ""sd_population"": 0.10853007679359743}",155232,693,28343,1481,0,0,0,0,0,0,0,0
fx17,all_reviewed_regions,5361,224,1200864,1054905,1054905,1054905,1054905,87.84550123910783,4745,4395,4395,"{""n"": 1054905, ""min"": -0.4047619104385376, ""p05"": -0.05201030969619751, ""p10"": -0.04500266909599304, ""p25"": -0.031674087047576904, ""median"": -0.012245416641235352, ""p75"": 0.0063582658767700195, ""p90"": 0.020226716995239258, ""p95"": 0.03143403530120849, ""max"": 0.8195902109146118, ""mean"": -0.013103408989807783, ""sd_population"": 0.03892648223519452}","{""n"": 1054905, ""min"": 0.0, ""p05"": 0.0016759634017944336, ""p10"": 0.0033589601516723633, ""p25"": 0.00926440954208374, ""median"": 0.019394874572753906, ""p75"": 0.03562504053115845, ""p90"": 0.04763857126235961, ""p95"": 0.06140902936458578, ""max"": 0.8195902109146118, ""mean"": 0.026671357941968156, ""sd_population"": 0.031234740464625325}",137984,616,7975,350,0,0,0,0,0,0,0,0
fx17,R1,131,224,29344,29344,29344,29344,29344,100.0,131,131,131,"{""n"": 29344, ""min"": -0.3639000356197357, ""p05"": -0.052110202610492706, ""p10"": -0.04507530033588409, ""p25"": -0.031759753823280334, ""median"": -0.017604291439056396, ""p75"": 0.015977948904037476, ""p90"": 0.03432298898696899, ""p95"": 0.04475115537643432, ""max"": 0.2540394067764282, ""mean"": -0.010904592571570868, ""sd_population"": 0.047480814526651614}","{""n"": 29344, ""min"": 0.0, ""p05"": 0.004482108354568482, ""p10"": 0.008135366439819337, ""p25"": 0.01663699746131897, ""median"": 0.02559991180896759, ""p75"": 0.03929954022169113, ""p90"": 0.04942548125982285, ""p95"": 0.07726795971393582, ""max"": 0.3639000356197357, ""mean"": 0.03310606253791434, ""sd_population"": 0.03573970495823873}",0,0,0,0,0,0,0,0,0,0,0,0
fx17,R2,806,224,180544,176654,176654,176654,176654,97.84540056717475,806,661,661,"{""n"": 176654, ""min"": -0.22383570671081543, ""p05"": -0.04473746567964554, ""p10"": -0.04033735990524292, ""p25"": -0.02712908387184143, ""median"": -0.005799353122711182, ""p75"": 0.003687351942062378, ""p90"": 0.021871626377105734, ""p95"": 0.03521307706832886, ""max"": 0.8195902109146118, ""mean"": -0.008334317775765949, ""sd_population"": 0.031317695266967364}","{""n"": 176654, ""min"": 0.0, ""p05"": 0.0009859204292297363, ""p10"": 0.00198972225189209, ""p25"": 0.0050847530364990234, ""median"": 0.016032695770263672, ""p75"": 0.03156605362892151, ""p90"": 0.04301269948482514, ""p95"": 0.04991348609328278, ""max"": 0.8195902109146118, ""mean"": 0.02168740149107555, ""sd_population"": 0.024081434886380253}",0,0,3890,145,0,0,0,0,0,0,0,0
fx17,R3,1317,224,295008,295008,295008,295008,295008,100.0,1317,1317,1317,"{""n"": 295008, ""min"": -0.4047619104385376, ""p05"": -0.09547606408596039, ""p10"": -0.05450320243835449, ""p25"": -0.04430769383907318, ""median"": -0.025686681270599365, ""p75"": -0.014112100005149841, ""p90"": -0.0034815251827240053, ""p95"": 2.04205513000405e-05, ""max"": 0.11148273944854736, ""mean"": -0.034799652514231276, ""sd_population"": 0.04157375443365772}","{""n"": 295008, ""min"": 0.0, ""p05"": 0.002284488081932068, ""p10"": 0.004893523454666138, ""p25"": 0.01438528299331665, ""median"": 0.025766700506210327, ""p75"": 0.04433325678110123, ""p90"": 0.05454777255654334, ""p95"": 0.09556301534175832, ""max"": 0.4047619104385376, ""mean"": 0.03545924665621827, ""sd_population"": 0.04101261634417867}",0,0,0,0,0,0,0,0,0,0,0,0
fx17,R4,528,224,118272,114484,114484,114484,114484,96.7972132034632,528,345,345,"{""n"": 114484, ""min"": -0.29678285121917725, ""p05"": -0.04976242631673813, ""p10"": -0.04365357458591461, ""p25"": -0.032682567834854126, ""median"": -0.013245373964309692, ""p75"": 0.01304328441619873, ""p90"": 0.03310751914978027, ""p95"": 0.04323446750640865, ""max"": 0.2568396329879761, ""mean"": -0.010061398924091074, ""sd_population"": 0.04213818947426265}","{""n"": 114484, ""min"": 0.0, ""p05"": 0.004185080528259277, ""p10"": 0.007664978504180909, ""p25"": 0.013199806213378906, ""median"": 0.022663354873657227, ""p75"": 0.0370965301990509, ""p90"": 0.048159012198448176, ""p95"": 0.07918155193328835, ""max"": 0.29678285121917725, ""mean"": 0.030207296202773983, ""sd_population"": 0.031054436343241475}",0,0,3788,183,0,0,0,0,0,0,0,0
fx17,R5,2579,224,577696,439415,439415,439415,439415,76.06336204508946,1963,1941,1941,"{""n"": 439415, ""min"": -0.2778649926185608, ""p05"": -0.043028973042964935, ""p10"": -0.03808802366256714, ""p25"": -0.02071201801300049, ""median"": 0.0016062259674072266, ""p75"": 0.013195633888244629, ""p90"": 0.02358362674713136, ""p95"": 0.03407193422317504, ""max"": 0.3128594160079956, ""mean"": -0.0013939707116708857, ""sd_population"": 0.031699479189305435}","{""n"": 439415, ""min"": 0.0, ""p05"": 0.0015099644660949707, ""p10"": 0.003050374984741211, ""p25"": 0.007729530334472656, ""median"": 0.015720665454864502, ""p75"": 0.028536081314086914, ""p90"": 0.04197735786437989, ""p95"": 0.04791815876960755, ""max"": 0.3128594160079956, ""mean"": 0.021424177125539373, ""sd_population"": 0.023405229537684952}",137984,616,297,22,0,0,0,0,0,0,0,0
