patch_id,patch_name,source_band_zero_based,wavelength_nm,sample_pixels,raw_DN_mean,raw_DN_median,Q_valid_n,Q_median,Q0_median,suspected_clipped_n,low_signal_n
1,P5 upper green partial hypothesis,0,397.66,1050,4835.885714285714,4832.0,0,,,0,0
1,P5 upper green partial hypothesis,1,400.28,1050,4846.1866666666665,4848.0,0,,,0,0
1,P5 upper green partial hypothesis,2,402.9,1050,4870.0952380952385,4864.0,0,,,0,0
1,P5 upper green partial hypothesis,3,405.52,1050,4884.8304761904765,4880.0,0,,,0,0
1,P5 upper green partial hypothesis,4,408.13,1050,4878.902857142857,4880.0,0,,,0,0
1,P5 upper green partial hypothesis,5,410.75,1050,4924.190476190476,4928.0,0,,,0,0
1,P5 upper green partial hypothesis,6,413.37,1050,4920.106666666667,4912.0,0,,,0,0
1,P5 upper green partial hypothesis,7,416.0,1050,4951.314285714286,4960.0,0,,,0,0
1,P5 upper green partial hypothesis,8,418.62,1050,4955.139047619047,4960.0,0,,,0,0
1,P5 upper green partial hypothesis,9,421.24,1050,4969.249523809523,4960.0,0,,,0,0
1,P5 upper green partial hypothesis,10,423.86,1050,4968.533333333334,4976.0,0,,,0,0
1,P5 upper green partial hypothesis,11,426.49,1050,5012.784761904762,5008.0,0,,,0,0
1,P5 upper green partial hypothesis,12,429.12,1050,5042.133333333333,5040.0,0,,,0,0
1,P5 upper green partial hypothesis,13,431.74,1050,5055.481904761905,5056.0,0,,,0,0
1,P5 upper green partial hypothesis,14,434.37,1050,5091.062857142857,5104.0,0,,,0,0
1,P5 upper green partial hypothesis,15,437.0,1050,5118.1866666666665,5120.0,0,,,0,0
1,P5 upper green partial hypothesis,16,439.63,1050,5205.470476190476,5184.0,0,,,0,0
1,P5 upper green partial hypothesis,17,442.26,1050,5174.582857142857,5168.0,0,,,0,0
1,P5 upper green partial hypothesis,18,444.89,1050,5231.4971428571425,5232.0,0,,,0,0
1,P5 upper green partial hypothesis,19,447.52,1050,5285.44,5280.0,0,,,0,0
1,P5 upper green partial hypothesis,20,450.16,1050,5330.224761904762,5328.0,0,,,0,0
1,P5 upper green partial hypothesis,21,452.79,1050,5306.1180952380955,5296.0,0,,,0,0
1,P5 upper green partial hypothesis,22,455.43,1050,5327.024761904762,5312.0,0,,,0,0
1,P5 upper green partial hypothesis,23,458.06,1050,5368.198095238095,5360.0,0,,,0,0
1,P5 upper green partial hypothesis,24,460.7,1050,5392.746666666667,5376.0,0,,,0,0
1,P5 upper green partial hypothesis,25,463.34,1050,5379.078095238096,5376.0,0,,,0,0
1,P5 upper green partial hypothesis,26,465.98,1050,5437.455238095238,5424.0,0,,,0,0
1,P5 upper green partial hypothesis,27,468.62,1050,5507.733333333334,5504.0,0,,,0,0
1,P5 upper green partial hypothesis,28,471.26,1050,5505.752380952381,5504.0,0,,,0,0
1,P5 upper green partial hypothesis,29,473.9,1050,5547.779047619048,5536.0,0,,,0,0
1,P5 upper green partial hypothesis,30,476.54,1050,5636.72380952381,5616.0,0,,,0,0
1,P5 upper green partial hypothesis,31,479.18,1050,5687.92380952381,5664.0,0,,,0,0
1,P5 upper green partial hypothesis,32,481.83,1050,5734.8419047619045,5712.0,0,,,0,0
1,P5 upper green partial hypothesis,33,484.47,1050,5826.011428571429,5808.0,0,,,0,0
1,P5 upper green partial hypothesis,34,487.12,1050,5912.64,5888.0,0,,,0,0
1,P5 upper green partial hypothesis,35,489.77,1050,5962.194285714286,5936.0,0,,,0,0
1,P5 upper green partial hypothesis,36,492.42,1050,6045.607619047619,6024.0,0,,,0,0
1,P5 upper green partial hypothesis,37,495.07,1050,6141.241904761905,6112.0,0,,,0,0
1,P5 upper green partial hypothesis,38,497.72,1050,6217.051428571429,6176.0,0,,,0,0
1,P5 upper green partial hypothesis,39,500.37,1050,6294.232380952381,6256.0,0,,,0,0
1,P5 upper green partial hypothesis,40,503.02,1050,6397.333333333333,6352.0,0,,,0,0
1,P5 upper green partial hypothesis,41,505.67,1050,6422.4914285714285,6384.0,0,,,0,0
1,P5 upper green partial hypothesis,42,508.32,1050,6484.373333333333,6448.0,0,,,0,0
1,P5 upper green partial hypothesis,43,510.98,1050,6665.234285714286,6608.0,0,,,0,0
1,P5 upper green partial hypothesis,44,513.63,1050,6861.1809523809525,6784.0,0,,,0,0
1,P5 upper green partial hypothesis,45,516.29,1050,6940.632380952381,6880.0,0,,,0,0
1,P5 upper green partial hypothesis,46,518.95,1050,7067.352380952381,7008.0,0,,,0,0
1,P5 upper green partial hypothesis,47,521.61,1050,7396.099047619047,7328.0,0,,,0,0
1,P5 upper green partial hypothesis,48,524.27,1050,7739.672380952381,7664.0,0,,,0,0
1,P5 upper green partial hypothesis,49,526.93,1050,7906.2095238095235,7824.0,0,,,0,0
1,P5 upper green partial hypothesis,50,529.59,1050,8057.874285714286,7968.0,0,,,0,0
1,P5 upper green partial hypothesis,51,532.25,1050,8489.50857142857,8384.0,0,,,0,0
1,P5 upper green partial hypothesis,52,534.91,1050,8976.944761904762,8864.0,0,,,0,0
1,P5 upper green partial hypothesis,53,537.57,1050,9235.961904761905,9120.0,0,,,0,0
1,P5 upper green partial hypothesis,54,540.24,1050,9306.148571428572,9216.0,0,,,0,0
1,P5 upper green partial hypothesis,55,542.91,1050,9589.866666666667,9488.0,0,,,0,0
1,P5 upper green partial hypothesis,56,545.57,1050,9985.645714285714,9840.0,0,,,0,0
1,P5 upper green partial hypothesis,57,548.24,1050,10244.891428571429,10112.0,0,,,0,0
1,P5 upper green partial hypothesis,58,550.91,1050,10342.979047619048,10208.0,0,,,0,0
1,P5 upper green partial hypothesis,59,553.58,1050,10528.914285714285,10400.0,0,,,0,0
1,P5 upper green partial hypothesis,60,556.25,1050,10841.50857142857,10696.0,0,,,0,0
1,P5 upper green partial hypothesis,61,558.92,1050,10963.718095238095,10832.0,0,,,0,0
1,P5 upper green partial hypothesis,62,561.59,1050,10915.504761904762,10768.0,0,,,0,0
1,P5 upper green partial hypothesis,63,564.26,1050,10927.649523809523,10752.0,0,,,0,0
1,P5 upper green partial hypothesis,64,566.94,1050,11071.207619047618,10896.0,0,,,0,0
1,P5 upper green partial hypothesis,65,569.61,1050,11079.009523809524,10912.0,0,,,0,0
1,P5 upper green partial hypothesis,66,572.29,1050,10858.864761904762,10696.0,0,,,0,0
1,P5 upper green partial hypothesis,67,574.96,1050,10683.641904761906,10496.0,0,,,0,0
1,P5 upper green partial hypothesis,68,577.64,1050,10788.358095238094,10624.0,0,,,0,0
1,P5 upper green partial hypothesis,69,580.32,1050,10984.198095238095,10800.0,0,,,0,0
1,P5 upper green partial hypothesis,70,583.0,1050,11049.127619047618,10832.0,0,,,0,0
1,P5 upper green partial hypothesis,71,585.68,1050,10775.558095238095,10592.0,0,,,0,0
1,P5 upper green partial hypothesis,72,588.36,1050,10586.361904761905,10376.0,0,,,0,0
1,P5 upper green partial hypothesis,73,591.04,1050,10770.940952380952,10560.0,0,,,0,0
1,P5 upper green partial hypothesis,74,593.73,1050,11218.834285714285,10992.0,0,,,0,0
1,P5 upper green partial hypothesis,75,596.41,1050,11598.384761904761,11360.0,0,,,0,0
1,P5 upper green partial hypothesis,76,599.1,1050,11636.144761904761,11376.0,0,,,0,0
1,P5 upper green partial hypothesis,77,601.78,1050,11548.129523809524,11312.0,0,,,0,0
1,P5 upper green partial hypothesis,78,604.47,1050,11714.71238095238,11448.0,0,,,0,0
1,P5 upper green partial hypothesis,79,607.16,1050,12165.91238095238,11896.0,0,,,0,0
1,P5 upper green partial hypothesis,80,609.85,1050,12567.344761904762,12288.0,0,,,0,0
1,P5 upper green partial hypothesis,81,612.53,1050,12728.73142857143,12400.0,0,,,0,0
1,P5 upper green partial hypothesis,82,615.23,1050,12634.08761904762,12296.0,0,,,0,0
1,P5 upper green partial hypothesis,83,617.92,1050,12601.28,12264.0,0,,,0,0
1,P5 upper green partial hypothesis,84,620.61,1050,12771.169523809524,12416.0,0,,,0,0
1,P5 upper green partial hypothesis,85,623.3,1050,13109.699047619048,12720.0,0,,,0,0
1,P5 upper green partial hypothesis,86,626.0,1050,13418.56,13056.0,0,,,0,0
1,P5 upper green partial hypothesis,87,628.69,1050,13527.695238095239,13136.0,0,,,0,0
1,P5 upper green partial hypothesis,88,631.39,1050,13595.382857142857,13168.0,0,,,0,0
1,P5 upper green partial hypothesis,89,634.08,1050,13698.346666666666,13288.0,0,,,0,0
1,P5 upper green partial hypothesis,90,636.78,1050,13748.63238095238,13312.0,0,,,0,0
1,P5 upper green partial hypothesis,91,639.48,1050,13745.051428571429,13352.0,0,,,0,0
1,P5 upper green partial hypothesis,92,642.18,1050,13539.809523809523,13112.0,0,,,0,0
1,P5 upper green partial hypothesis,93,644.88,1050,13252.419047619047,12816.0,0,,,0,0
1,P5 upper green partial hypothesis,94,647.58,1050,13107.017142857143,12728.0,0,,,0,0
1,P5 upper green partial hypothesis,95,650.29,1050,13169.615238095239,12760.0,0,,,0,0
1,P5 upper green partial hypothesis,96,652.99,1050,13297.127619047618,12960.0,0,,,0,0
1,P5 upper green partial hypothesis,97,655.69,1050,13267.245714285715,12912.0,0,,,0,0
1,P5 upper green partial hypothesis,98,658.4,1050,12938.011428571428,12584.0,0,,,0,0
1,P5 upper green partial hypothesis,99,661.1,1050,12452.236190476191,12144.0,0,,,0,0
1,P5 upper green partial hypothesis,100,663.81,1050,12165.211428571429,11920.0,0,,,0,0
1,P5 upper green partial hypothesis,101,666.52,1050,12129.295238095237,11888.0,0,,,0,0
1,P5 upper green partial hypothesis,102,669.23,1050,12339.900952380953,12080.0,0,,,0,0
1,P5 upper green partial hypothesis,103,671.94,1050,12596.495238095238,12320.0,0,,,0,0
1,P5 upper green partial hypothesis,104,674.65,1050,12725.318095238095,12424.0,0,,,0,0
1,P5 upper green partial hypothesis,105,677.36,1050,12721.051428571429,12416.0,0,,,0,0
1,P5 upper green partial hypothesis,106,680.07,1050,12681.051428571429,12392.0,0,,,0,0
1,P5 upper green partial hypothesis,107,682.79,1050,12879.68,12592.0,0,,,0,0
1,P5 upper green partial hypothesis,108,685.5,1050,13524.495238095238,13168.0,0,,,0,0
1,P5 upper green partial hypothesis,109,688.22,1050,14573.729523809523,14184.0,0,,,0,0
1,P5 upper green partial hypothesis,110,690.93,1050,16145.615238095239,15616.0,0,,,0,0
1,P5 upper green partial hypothesis,111,693.65,1050,18150.933333333334,17552.0,0,,,0,0
1,P5 upper green partial hypothesis,112,696.37,1050,20290.08761904762,19624.0,0,,,0,0
1,P5 upper green partial hypothesis,113,699.09,1050,22770.849523809524,22080.0,0,,,0,0
1,P5 upper green partial hypothesis,114,701.81,1050,25542.049523809525,24896.0,0,,,0,0
1,P5 upper green partial hypothesis,115,704.53,1050,29009.340952380953,28432.0,0,,,0,0
1,P5 upper green partial hypothesis,116,707.25,1050,33053.8819047619,32600.0,0,,,0,0
1,P5 upper green partial hypothesis,117,709.97,1050,37332.87619047619,36808.0,0,,,0,0
1,P5 upper green partial hypothesis,118,712.7,1050,41516.678095238094,41056.0,0,,,0,0
1,P5 upper green partial hypothesis,119,715.42,1050,45051.321904761906,44608.0,0,,,0,0
1,P5 upper green partial hypothesis,120,718.15,1050,47860.678095238094,47456.0,0,,,0,0
1,P5 upper green partial hypothesis,121,720.87,1050,50197.51619047619,49872.0,0,,,0,0
1,P5 upper green partial hypothesis,122,723.6,1050,52545.20380952381,52272.0,0,,,0,0
1,P5 upper green partial hypothesis,123,726.33,1050,55121.17333333333,54928.0,0,,,11,0
1,P5 upper green partial hypothesis,124,729.06,1050,57679.939047619046,57480.0,0,,,53,0
1,P5 upper green partial hypothesis,125,731.79,1050,59902.64380952381,60064.0,0,,,164,0
1,P5 upper green partial hypothesis,126,734.52,1050,61474.834285714285,62064.0,0,,,286,0
1,P5 upper green partial hypothesis,127,737.25,1050,62438.15619047619,63600.0,0,,,378,0
1,P5 upper green partial hypothesis,128,739.98,1050,63036.83047619047,64816.0,0,,,452,0
1,P5 upper green partial hypothesis,129,742.72,1050,63443.10857142857,65448.0,0,,,503,0
1,P5 upper green partial hypothesis,130,745.45,1050,63744.04571428571,65520.0,0,,,547,0
1,P5 upper green partial hypothesis,131,748.19,1050,63904.8380952381,65520.0,0,,,581,0
1,P5 upper green partial hypothesis,132,750.93,1050,63927.420952380955,65520.0,0,,,578,0
1,P5 upper green partial hypothesis,133,753.66,1050,63841.55428571429,65520.0,0,,,572,0
1,P5 upper green partial hypothesis,134,756.4,1050,63695.664761904765,65520.0,0,,,548,0
1,P5 upper green partial hypothesis,135,759.14,1050,63609.64571428571,65520.0,0,,,532,0
1,P5 upper green partial hypothesis,136,761.88,1050,63688.60952380952,65520.0,0,,,549,0
1,P5 upper green partial hypothesis,137,764.62,1050,63889.93523809524,65520.0,0,,,583,0
1,P5 upper green partial hypothesis,138,767.36,1050,64094.171428571426,65520.0,0,,,603,0
1,P5 upper green partial hypothesis,139,770.11,1050,64241.35619047619,65520.0,0,,,631,0
1,P5 upper green partial hypothesis,140,772.85,1050,64205.287619047616,65520.0,0,,,615,0
1,P5 upper green partial hypothesis,141,775.6,1050,63883.76380952381,65520.0,0,,,567,0
1,P5 upper green partial hypothesis,142,778.34,1050,63265.49333333333,65024.0,0,,,465,0
1,P5 upper green partial hypothesis,143,781.09,1050,62540.51047619047,63688.0,0,,,365,0
1,P5 upper green partial hypothesis,144,783.84,1050,62119.497142857144,63008.0,0,,,317,0
1,P5 upper green partial hypothesis,145,786.58,1050,62232.07619047619,63312.0,0,,,324,0
1,P5 upper green partial hypothesis,146,789.33,1050,62803.80952380953,64368.0,0,,,393,0
1,P5 upper green partial hypothesis,147,792.08,1050,63475.10857142857,65384.0,0,,,483,0
1,P5 upper green partial hypothesis,148,794.84,1050,63931.62666666666,65520.0,0,,,566,0
1,P5 upper green partial hypothesis,149,797.59,1050,64141.25714285715,65520.0,0,,,606,0
1,P5 upper green partial hypothesis,150,800.34,1050,63962.13333333333,65520.0,0,,,569,0
1,P5 upper green partial hypothesis,151,803.1,1050,63290.33142857143,65008.0,0,,,457,0
1,P5 upper green partial hypothesis,152,805.85,1050,62048.5180952381,62896.0,0,,,290,0
1,P5 upper green partial hypothesis,153,808.61,1050,60476.25142857143,60792.0,0,,,136,0
1,P5 upper green partial hypothesis,154,811.36,1050,59110.26285714286,59144.0,0,,,62,0
1,P5 upper green partial hypothesis,155,814.12,1050,58511.43619047619,58512.0,0,,,41,0
1,P5 upper green partial hypothesis,156,816.88,1050,58717.94285714286,58792.0,0,,,54,0
1,P5 upper green partial hypothesis,157,819.64,1050,59511.299047619046,59712.0,0,,,86,0
1,P5 upper green partial hypothesis,158,822.4,1050,60430.049523809525,60856.0,0,,,151,0
1,P5 upper green partial hypothesis,159,825.16,1050,61161.56952380952,61696.0,0,,,224,0
1,P5 upper green partial hypothesis,160,827.92,1050,61474.33142857143,62096.0,0,,,253,0
1,P5 upper green partial hypothesis,161,830.69,1050,61313.950476190475,61816.0,0,,,219,0
1,P5 upper green partial hypothesis,162,833.45,1050,60661.54666666667,60968.0,0,,,145,0
1,P5 upper green partial hypothesis,163,836.22,1050,59663.45142857143,59808.0,0,,,78,0
1,P5 upper green partial hypothesis,164,838.98,1050,58562.666666666664,58560.0,0,,,41,0
1,P5 upper green partial hypothesis,165,841.75,1050,57756.26666666667,57720.0,0,,,20,0
1,P5 upper green partial hypothesis,166,844.52,1050,57392.28952380952,57424.0,0,,,19,0
1,P5 upper green partial hypothesis,167,847.29,1050,57506.46857142857,57552.0,0,,,22,0
1,P5 upper green partial hypothesis,168,850.06,1050,57882.72761904762,57968.0,0,,,23,0
1,P5 upper green partial hypothesis,169,852.83,1050,58406.09523809524,58464.0,0,,,33,0
1,P5 upper green partial hypothesis,170,855.6,1050,58859.99238095238,58944.0,0,,,55,0
1,P5 upper green partial hypothesis,171,858.37,1050,59151.78666666667,59288.0,0,,,66,0
1,P5 upper green partial hypothesis,172,861.14,1050,59162.956190476194,59288.0,0,,,68,0
1,P5 upper green partial hypothesis,173,863.92,1050,58836.63238095238,58936.0,0,,,46,0
1,P5 upper green partial hypothesis,174,866.69,1050,58233.34095238095,58328.0,0,,,24,0
1,P5 upper green partial hypothesis,175,869.47,1050,57258.072380952384,57264.0,0,,,13,0
1,P5 upper green partial hypothesis,176,872.25,1050,56115.078095238096,56120.0,0,,,10,0
1,P5 upper green partial hypothesis,177,875.03,1050,54993.17333333333,54976.0,0,,,3,0
1,P5 upper green partial hypothesis,178,877.8,1050,53919.31428571429,53936.0,0,,,0,0
1,P5 upper green partial hypothesis,179,880.58,1050,53046.44571428571,53000.0,0,,,0,0
1,P5 upper green partial hypothesis,180,883.37,1050,52322.60571428572,52368.0,0,,,0,0
1,P5 upper green partial hypothesis,181,886.15,1050,51839.77142857143,51888.0,0,,,0,0
1,P5 upper green partial hypothesis,182,888.93,1050,51474.72761904762,51536.0,0,,,0,0
1,P5 upper green partial hypothesis,183,891.71,1050,51255.96952380952,51256.0,0,,,0,0
1,P5 upper green partial hypothesis,184,894.5,1050,51038.00380952381,51040.0,0,,,0,0
1,P5 upper green partial hypothesis,185,897.28,1050,50702.23238095238,50680.0,0,,,0,0
1,P5 upper green partial hypothesis,186,900.07,1050,50195.16952380953,50224.0,0,,,0,0
1,P5 upper green partial hypothesis,187,902.86,1050,49463.20761904762,49464.0,0,,,0,0
1,P5 upper green partial hypothesis,188,905.64,1050,48454.4,48464.0,0,,,0,0
1,P5 upper green partial hypothesis,189,908.43,1050,47172.06857142857,47256.0,0,,,0,0
1,P5 upper green partial hypothesis,190,911.22,1050,45798.460952380956,45824.0,0,,,0,0
1,P5 upper green partial hypothesis,191,914.02,1050,44379.794285714284,44392.0,0,,,0,0
1,P5 upper green partial hypothesis,192,916.81,1050,43120.47238095238,43152.0,0,,,0,0
1,P5 upper green partial hypothesis,193,919.6,1050,42094.96380952381,42096.0,0,,,0,0
1,P5 upper green partial hypothesis,194,922.39,1050,41404.23619047619,41400.0,0,,,0,0
1,P5 upper green partial hypothesis,195,925.19,1050,40970.758095238096,40960.0,0,,,0,0
1,P5 upper green partial hypothesis,196,927.98,1050,40703.78666666667,40696.0,0,,,0,0
1,P5 upper green partial hypothesis,197,930.78,1050,40462.689523809524,40512.0,0,,,0,0
1,P5 upper green partial hypothesis,198,933.58,1050,40147.42857142857,40160.0,0,,,0,0
1,P5 upper green partial hypothesis,199,936.38,1050,39740.845714285715,39768.0,0,,,0,0
1,P5 upper green partial hypothesis,200,939.18,1050,39128.04571428571,39144.0,0,,,0,0
1,P5 upper green partial hypothesis,201,941.98,1050,38167.299047619046,38136.0,0,,,0,0
1,P5 upper green partial hypothesis,202,944.78,1050,36868.86095238095,36896.0,0,,,0,0
1,P5 upper green partial hypothesis,203,947.58,1050,35310.59809523809,35328.0,0,,,0,0
1,P5 upper green partial hypothesis,204,950.38,1050,33513.69142857143,33520.0,0,,,0,0
1,P5 upper green partial hypothesis,205,953.19,1050,31738.819047619047,31752.0,0,,,0,0
1,P5 upper green partial hypothesis,206,955.99,1050,30092.48,30112.0,0,,,0,0
1,P5 upper green partial hypothesis,207,958.8,1050,28691.428571428572,28672.0,0,,,0,0
1,P5 upper green partial hypothesis,208,961.6,1050,27526.384761904763,27552.0,0,,,0,0
1,P5 upper green partial hypothesis,209,964.41,1050,26620.96761904762,26632.0,0,,,0,0
1,P5 upper green partial hypothesis,210,967.22,1050,25944.609523809522,25968.0,0,,,0,0
1,P5 upper green partial hypothesis,211,970.03,1050,25368.54857142857,25352.0,0,,,0,0
1,P5 upper green partial hypothesis,212,972.84,1050,24894.88761904762,24936.0,0,,,0,0
1,P5 upper green partial hypothesis,213,975.65,1050,24437.12,24432.0,0,,,0,0
1,P5 upper green partial hypothesis,214,978.46,1050,23952.975238095238,23968.0,0,,,0,0
1,P5 upper green partial hypothesis,215,981.27,1050,23345.798095238097,23344.0,0,,,0,0
1,P5 upper green partial hypothesis,216,984.09,1050,22669.68380952381,22656.0,0,,,0,0
1,P5 upper green partial hypothesis,217,986.9,1050,21912.853333333333,21936.0,0,,,0,0
1,P5 upper green partial hypothesis,218,989.72,1050,21035.306666666667,21072.0,0,,,0,0
1,P5 upper green partial hypothesis,219,992.54,1050,20143.710476190477,20152.0,0,,,0,0
1,P5 upper green partial hypothesis,220,995.35,1050,19263.710476190477,19288.0,0,,,0,0
1,P5 upper green partial hypothesis,221,998.17,1050,18399.558095238095,18400.0,0,,,0,0
1,P5 upper green partial hypothesis,222,1000.99,1050,17657.12761904762,17664.0,0,,,0,0
1,P5 upper green partial hypothesis,223,1003.81,1050,17539.27619047619,17520.0,0,,,0,0
2,P5 upper red partial hypothesis,0,397.66,1288,4972.732919254659,4960.0,0,,,0,0
2,P5 upper red partial hypothesis,1,400.28,1288,4981.291925465838,4976.0,0,,,0,0
2,P5 upper red partial hypothesis,2,402.9,1288,4999.366459627329,4992.0,0,,,0,0
2,P5 upper red partial hypothesis,3,405.52,1288,5020.546583850932,5008.0,0,,,0,0
2,P5 upper red partial hypothesis,4,408.13,1288,5016.993788819876,5016.0,0,,,0,0
2,P5 upper red partial hypothesis,5,410.75,1288,5053.27950310559,5064.0,0,,,0,0
2,P5 upper red partial hypothesis,6,413.37,1288,5058.496894409938,5056.0,0,,,0,0
2,P5 upper red partial hypothesis,7,416.0,1288,5076.310559006211,5088.0,0,,,0,0
2,P5 upper red partial hypothesis,8,418.62,1288,5085.639751552795,5104.0,0,,,0,0
2,P5 upper red partial hypothesis,9,421.24,1288,5097.055900621118,5104.0,0,,,0,0
2,P5 upper red partial hypothesis,10,423.86,1288,5108.670807453416,5120.0,0,,,0,0
2,P5 upper red partial hypothesis,11,426.49,1288,5135.130434782609,5152.0,0,,,0,0
2,P5 upper red partial hypothesis,12,429.12,1288,5170.099378881988,5168.0,0,,,0,0
2,P5 upper red partial hypothesis,13,431.74,1288,5189.788819875776,5200.0,0,,,0,0
2,P5 upper red partial hypothesis,14,434.37,1288,5222.5590062111805,5232.0,0,,,0,0
2,P5 upper red partial hypothesis,15,437.0,1288,5256.857142857143,5264.0,0,,,0,0
2,P5 upper red partial hypothesis,16,439.63,1288,5313.167701863354,5312.0,0,,,0,0
2,P5 upper red partial hypothesis,17,442.26,1288,5303.801242236025,5312.0,0,,,0,0
2,P5 upper red partial hypothesis,18,444.89,1288,5347.093167701863,5360.0,0,,,0,0
2,P5 upper red partial hypothesis,19,447.52,1288,5384.757763975155,5392.0,0,,,0,0
2,P5 upper red partial hypothesis,20,450.16,1288,5424.695652173913,5424.0,0,,,0,0
2,P5 upper red partial hypothesis,21,452.79,1288,5410.596273291925,5424.0,0,,,0,0
2,P5 upper red partial hypothesis,22,455.43,1288,5424.099378881988,5440.0,0,,,0,0
2,P5 upper red partial hypothesis,23,458.06,1288,5475.3540372670805,5488.0,0,,,0,0
2,P5 upper red partial hypothesis,24,460.7,1288,5494.124223602485,5504.0,0,,,0,0
2,P5 upper red partial hypothesis,25,463.34,1288,5484.223602484472,5504.0,0,,,0,0
2,P5 upper red partial hypothesis,26,465.98,1288,5545.105590062112,5552.0,0,,,0,0
2,P5 upper red partial hypothesis,27,468.62,1288,5618.608695652174,5632.0,0,,,0,0
2,P5 upper red partial hypothesis,28,471.26,1288,5607.428571428572,5616.0,0,,,0,0
2,P5 upper red partial hypothesis,29,473.9,1288,5653.813664596273,5664.0,0,,,0,0
2,P5 upper red partial hypothesis,30,476.54,1288,5732.596273291925,5744.0,0,,,0,0
2,P5 upper red partial hypothesis,31,479.18,1288,5769.60248447205,5776.0,0,,,0,0
2,P5 upper red partial hypothesis,32,481.83,1288,5809.403726708075,5808.0,0,,,0,0
2,P5 upper red partial hypothesis,33,484.47,1288,5893.229813664596,5888.0,0,,,0,0
2,P5 upper red partial hypothesis,34,487.12,1288,5979.888198757764,5968.0,0,,,0,0
2,P5 upper red partial hypothesis,35,489.77,1288,6040.434782608696,6032.0,0,,,0,0
2,P5 upper red partial hypothesis,36,492.42,1288,6128.633540372671,6144.0,0,,,0,0
2,P5 upper red partial hypothesis,37,495.07,1288,6243.267080745341,6240.0,0,,,0,0
2,P5 upper red partial hypothesis,38,497.72,1288,6334.7453416149065,6336.0,0,,,0,0
2,P5 upper red partial hypothesis,39,500.37,1288,6455.018633540372,6464.0,0,,,0,0
2,P5 upper red partial hypothesis,40,503.02,1288,6598.459627329193,6608.0,0,,,0,0
2,P5 upper red partial hypothesis,41,505.67,1288,6650.968944099379,6656.0,0,,,0,0
2,P5 upper red partial hypothesis,42,508.32,1288,6745.565217391304,6768.0,0,,,0,0
2,P5 upper red partial hypothesis,43,510.98,1288,6943.2546583850935,6960.0,0,,,0,0
2,P5 upper red partial hypothesis,44,513.63,1288,7131.27950310559,7136.0,0,,,0,0
2,P5 upper red partial hypothesis,45,516.29,1288,7196.509316770186,7184.0,0,,,0,0
2,P5 upper red partial hypothesis,46,518.95,1288,7268.795031055901,7264.0,0,,,0,0
2,P5 upper red partial hypothesis,47,521.61,1288,7532.88198757764,7552.0,0,,,0,0
2,P5 upper red partial hypothesis,48,524.27,1288,7781.701863354037,7744.0,0,,,0,0
2,P5 upper red partial hypothesis,49,526.93,1288,7861.192546583851,7816.0,0,,,0,0
2,P5 upper red partial hypothesis,50,529.59,1288,7939.614906832298,7920.0,0,,,0,0
2,P5 upper red partial hypothesis,51,532.25,1288,8251.42857142857,8240.0,0,,,0,0
2,P5 upper red partial hypothesis,52,534.91,1288,8629.639751552795,8600.0,0,,,0,0
2,P5 upper red partial hypothesis,53,537.57,1288,8812.32298136646,8744.0,0,,,0,0
2,P5 upper red partial hypothesis,54,540.24,1288,8849.254658385093,8784.0,0,,,0,0
2,P5 upper red partial hypothesis,55,542.91,1288,9060.521739130434,8992.0,0,,,0,0
2,P5 upper red partial hypothesis,56,545.57,1288,9367.639751552795,9328.0,0,,,0,0
2,P5 upper red partial hypothesis,57,548.24,1288,9565.354037267081,9488.0,0,,,0,0
2,P5 upper red partial hypothesis,58,550.91,1288,9643.378881987577,9576.0,0,,,0,0
2,P5 upper red partial hypothesis,59,553.58,1288,9832.968944099379,9760.0,0,,,0,0
2,P5 upper red partial hypothesis,60,556.25,1288,10142.819875776397,10096.0,0,,,0,0
2,P5 upper red partial hypothesis,61,558.92,1288,10337.888198757764,10272.0,0,,,0,0
2,P5 upper red partial hypothesis,62,561.59,1288,10404.95652173913,10328.0,0,,,0,0
2,P5 upper red partial hypothesis,63,564.26,1288,10567.776397515529,10512.0,0,,,0,0
2,P5 upper red partial hypothesis,64,566.94,1288,10889.242236024846,10864.0,0,,,0,0
2,P5 upper red partial hypothesis,65,569.61,1288,11113.714285714286,11072.0,0,,,0,0
2,P5 upper red partial hypothesis,66,572.29,1288,11133.267080745341,11104.0,0,,,0,0
2,P5 upper red partial hypothesis,67,574.96,1288,11180.285714285714,11136.0,0,,,0,0
2,P5 upper red partial hypothesis,68,577.64,1288,11501.801242236024,11528.0,0,,,0,0
2,P5 upper red partial hypothesis,69,580.32,1288,11926.534161490683,11936.0,0,,,0,0
2,P5 upper red partial hypothesis,70,583.0,1288,12157.217391304348,12128.0,0,,,0,0
2,P5 upper red partial hypothesis,71,585.68,1288,12039.167701863355,12016.0,0,,,0,0
2,P5 upper red partial hypothesis,72,588.36,1288,11981.863354037267,11984.0,0,,,0,0
2,P5 upper red partial hypothesis,73,591.04,1288,12377.167701863355,12416.0,0,,,0,0
2,P5 upper red partial hypothesis,74,593.73,1288,13094.409937888198,13168.0,0,,,0,0
2,P5 upper red partial hypothesis,75,596.41,1288,13780.310559006211,13824.0,0,,,0,0
2,P5 upper red partial hypothesis,76,599.1,1288,14063.291925465839,14096.0,0,,,0,0
2,P5 upper red partial hypothesis,77,601.78,1288,14268.48447204969,14312.0,0,,,0,0
2,P5 upper red partial hypothesis,78,604.47,1288,14865.2049689441,14976.0,0,,,0,0
2,P5 upper red partial hypothesis,79,607.16,1288,15962.211180124224,16120.0,0,,,0,0
2,P5 upper red partial hypothesis,80,609.85,1288,17160.869565217392,17312.0,0,,,0,0
2,P5 upper red partial hypothesis,81,612.53,1288,18120.981366459626,18256.0,0,,,0,0
2,P5 upper red partial hypothesis,82,615.23,1288,18748.434782608696,18912.0,0,,,0,0
2,P5 upper red partial hypothesis,83,617.92,1288,19469.50310559006,19664.0,0,,,0,0
2,P5 upper red partial hypothesis,84,620.61,1288,20612.621118012423,20896.0,0,,,0,0
2,P5 upper red partial hypothesis,85,623.3,1288,22081.639751552793,22376.0,0,,,0,0
2,P5 upper red partial hypothesis,86,626.0,1288,23484.80745341615,23816.0,0,,,0,0
2,P5 upper red partial hypothesis,87,628.69,1288,24553.316770186335,24928.0,0,,,0,0
2,P5 upper red partial hypothesis,88,631.39,1288,25489.937888198758,25840.0,0,,,0,0
2,P5 upper red partial hypothesis,89,634.08,1288,26553.91304347826,26912.0,0,,,0,0
2,P5 upper red partial hypothesis,90,636.78,1288,27695.565217391304,28120.0,0,,,0,0
2,P5 upper red partial hypothesis,91,639.48,1288,28648.64596273292,29128.0,0,,,0,0
2,P5 upper red partial hypothesis,92,642.18,1288,29174.869565217392,29624.0,0,,,0,0
2,P5 upper red partial hypothesis,93,644.88,1288,29461.51552795031,29912.0,0,,,0,0
2,P5 upper red partial hypothesis,94,647.58,1288,30022.906832298137,30656.0,0,,,0,0
2,P5 upper red partial hypothesis,95,650.29,1288,31063.155279503106,31784.0,0,,,0,0
2,P5 upper red partial hypothesis,96,652.99,1288,32174.198757763974,33000.0,0,,,0,0
2,P5 upper red partial hypothesis,97,655.69,1288,32730.211180124224,33520.0,0,,,0,0
2,P5 upper red partial hypothesis,98,658.4,1288,32321.490683229815,33112.0,0,,,0,0
2,P5 upper red partial hypothesis,99,661.1,1288,31384.024844720498,32232.0,0,,,0,0
2,P5 upper red partial hypothesis,100,663.81,1288,30854.583850931678,31920.0,0,,,0,0
2,P5 upper red partial hypothesis,101,666.52,1288,31111.2049689441,32288.0,0,,,0,0
2,P5 upper red partial hypothesis,102,669.23,1288,32013.900621118013,33216.0,0,,,0,0
2,P5 upper red partial hypothesis,103,671.94,1288,33022.049689440995,34336.0,0,,,0,0
2,P5 upper red partial hypothesis,104,674.65,1288,33648.8198757764,35000.0,0,,,0,0
2,P5 upper red partial hypothesis,105,677.36,1288,33727.13043478261,35032.0,0,,,0,0
2,P5 upper red partial hypothesis,106,680.07,1288,33907.19254658385,35208.0,0,,,0,0
2,P5 upper red partial hypothesis,107,682.79,1288,35171.72670807454,36520.0,0,,,0,0
2,P5 upper red partial hypothesis,108,685.5,1288,37835.217391304344,39112.0,0,,,0,0
2,P5 upper red partial hypothesis,109,688.22,1288,41215.565217391304,42256.0,0,,,0,0
2,P5 upper red partial hypothesis,110,690.93,1288,44467.50310559006,45216.0,0,,,0,0
2,P5 upper red partial hypothesis,111,693.65,1288,46627.93788819876,47184.0,0,,,0,0
2,P5 upper red partial hypothesis,112,696.37,1288,47221.67701863354,47632.0,0,,,0,0
2,P5 upper red partial hypothesis,113,699.09,1288,47436.95652173913,47824.0,0,,,0,0
2,P5 upper red partial hypothesis,114,701.81,1288,47808.509316770185,48184.0,0,,,0,0
2,P5 upper red partial hypothesis,115,704.53,1288,49220.7701863354,49568.0,0,,,0,0
2,P5 upper red partial hypothesis,116,707.25,1288,51532.4099378882,52000.0,0,,,0,0
2,P5 upper red partial hypothesis,117,709.97,1288,54075.46583850931,54496.0,0,,,4,0
2,P5 upper red partial hypothesis,118,712.7,1288,56285.54037267081,56824.0,0,,,50,0
2,P5 upper red partial hypothesis,119,715.42,1288,57541.09316770186,58056.0,0,,,141,0
2,P5 upper red partial hypothesis,120,718.15,1288,58016.27329192546,58560.0,0,,,206,0
2,P5 upper red partial hypothesis,121,720.87,1288,58188.782608695656,58784.0,0,,,224,0
2,P5 upper red partial hypothesis,122,723.6,1288,58545.90062111801,59336.0,0,,,248,0
2,P5 upper red partial hypothesis,123,726.33,1288,59266.31055900621,60400.0,0,,,289,0
2,P5 upper red partial hypothesis,124,729.06,1288,60186.55900621118,61800.0,0,,,363,0
2,P5 upper red partial hypothesis,125,731.79,1288,61014.55900621118,63096.0,0,,,453,0
2,P5 upper red partial hypothesis,126,734.52,1288,61607.5900621118,64192.0,0,,,539,0
2,P5 upper red partial hypothesis,127,737.25,1288,61963.11801242236,64920.0,0,,,581,0
2,P5 upper red partial hypothesis,128,739.98,1288,62152.32298136646,65248.0,0,,,603,0
2,P5 upper red partial hypothesis,129,742.72,1288,62299.01863354037,65440.0,0,,,618,0
2,P5 upper red partial hypothesis,130,745.45,1288,62411.57763975155,65504.0,0,,,641,0
2,P5 upper red partial hypothesis,131,748.19,1288,62458.94409937888,65488.0,0,,,634,0
2,P5 upper red partial hypothesis,132,750.93,1288,62398.372670807454,65400.0,0,,,613,0
2,P5 upper red partial hypothesis,133,753.66,1288,62226.832298136644,65128.0,0,,,589,0
2,P5 upper red partial hypothesis,134,756.4,1288,61990.94409937888,64664.0,0,,,556,0
2,P5 upper red partial hypothesis,135,759.14,1288,61812.14906832298,64424.0,0,,,526,0
2,P5 upper red partial hypothesis,136,761.88,1288,61848.69565217391,64608.0,0,,,536,0
2,P5 upper red partial hypothesis,137,764.62,1288,62061.32919254658,65160.0,0,,,579,0
2,P5 upper red partial hypothesis,138,767.36,1288,62317.35403726708,65488.0,0,,,630,0
2,P5 upper red partial hypothesis,139,770.11,1288,62532.4099378882,65520.0,0,,,662,0
2,P5 upper red partial hypothesis,140,772.85,1288,62502.0,65472.0,0,,,634,0
2,P5 upper red partial hypothesis,141,775.6,1288,62177.801242236026,64872.0,0,,,548,0
2,P5 upper red partial hypothesis,142,778.34,1288,61472.59627329193,63504.0,0,,,446,0
2,P5 upper red partial hypothesis,143,781.09,1288,60710.11180124224,62288.0,0,,,371,0
2,P5 upper red partial hypothesis,144,783.84,1288,60258.086956521736,61712.0,0,,,330,0
2,P5 upper red partial hypothesis,145,786.58,1288,60378.472049689444,61984.0,0,,,335,0
2,P5 upper red partial hypothesis,146,789.33,1288,60962.17391304348,62952.0,0,,,402,0
2,P5 upper red partial hypothesis,147,792.08,1288,61686.96894409938,64320.0,0,,,494,0
2,P5 upper red partial hypothesis,148,794.84,1288,62226.88198757764,65248.0,0,,,591,0
2,P5 upper red partial hypothesis,149,797.59,1288,62497.32919254658,65464.0,0,,,634,0
2,P5 upper red partial hypothesis,150,800.34,1288,62327.27950310559,65080.0,0,,,574,0
2,P5 upper red partial hypothesis,151,803.1,1288,61601.85093167702,63544.0,0,,,448,0
2,P5 upper red partial hypothesis,152,805.85,1288,60304.34782608696,61424.0,0,,,306,0
2,P5 upper red partial hypothesis,153,808.61,1288,58760.13664596273,59368.0,0,,,193,0
2,P5 upper red partial hypothesis,154,811.36,1288,57457.27950310559,57896.0,0,,,138,0
2,P5 upper red partial hypothesis,155,814.12,1288,56881.2298136646,57384.0,0,,,126,0
2,P5 upper red partial hypothesis,156,816.88,1288,57029.09316770186,57672.0,0,,,139,0
2,P5 upper red partial hypothesis,157,819.64,1288,57751.03105590062,58576.0,0,,,168,0
2,P5 upper red partial hypothesis,158,822.4,1288,58624.583850931675,59624.0,0,,,187,0
2,P5 upper red partial hypothesis,159,825.16,1288,59343.45341614907,60512.0,0,,,226,0
2,P5 upper red partial hypothesis,160,827.92,1288,59672.11180124224,60928.0,0,,,266,0
2,P5 upper red partial hypothesis,161,830.69,1288,59541.142857142855,60640.0,0,,,255,0
2,P5 upper red partial hypothesis,162,833.45,1288,58914.80745341615,59712.0,0,,,191,0
2,P5 upper red partial hypothesis,163,836.22,1288,57976.757763975154,58528.0,0,,,151,0
2,P5 upper red partial hypothesis,164,838.98,1288,56981.50310559006,57376.0,0,,,104,0
2,P5 upper red partial hypothesis,165,841.75,1288,56241.00621118012,56608.0,0,,,68,0
2,P5 upper red partial hypothesis,166,844.52,1288,55895.416149068325,56312.0,0,,,64,0
2,P5 upper red partial hypothesis,167,847.29,1288,55981.565217391304,56480.0,0,,,68,0
2,P5 upper red partial hypothesis,168,850.06,1288,56312.62111801242,56896.0,0,,,96,0
2,P5 upper red partial hypothesis,169,852.83,1288,56766.42236024845,57408.0,0,,,138,0
2,P5 upper red partial hypothesis,170,855.6,1288,57150.88198757764,57848.0,0,,,144,0
2,P5 upper red partial hypothesis,171,858.37,1288,57420.55900621118,58136.0,0,,,153,0
2,P5 upper red partial hypothesis,172,861.14,1288,57446.39751552795,58184.0,0,,,156,0
2,P5 upper red partial hypothesis,173,863.92,1288,57179.1801242236,57752.0,0,,,139,0
2,P5 upper red partial hypothesis,174,866.69,1288,56643.71428571428,57144.0,0,,,79,0
2,P5 upper red partial hypothesis,175,869.47,1288,55770.80745341615,56112.0,0,,,48,0
2,P5 upper red partial hypothesis,176,872.25,1288,54692.52173913043,54952.0,0,,,13,0
2,P5 upper red partial hypothesis,177,875.03,1288,53611.975155279506,53840.0,0,,,2,0
2,P5 upper red partial hypothesis,178,877.8,1288,52591.98757763975,52816.0,0,,,0,0
2,P5 upper red partial hypothesis,179,880.58,1288,51725.068322981366,51992.0,0,,,0,0
2,P5 upper red partial hypothesis,180,883.37,1288,51035.316770186335,51352.0,0,,,0,0
2,P5 upper red partial hypothesis,181,886.15,1288,50548.16149068323,50864.0,0,,,0,0
2,P5 upper red partial hypothesis,182,888.93,1288,50196.124223602485,50488.0,0,,,0,0
2,P5 upper red partial hypothesis,183,891.71,1288,49967.6149068323,50304.0,0,,,0,0
2,P5 upper red partial hypothesis,184,894.5,1288,49733.83850931677,50072.0,0,,,0,0
2,P5 upper red partial hypothesis,185,897.28,1288,49415.1552795031,49792.0,0,,,0,0
2,P5 upper red partial hypothesis,186,900.07,1288,48916.31055900621,49184.0,0,,,0,0
2,P5 upper red partial hypothesis,187,902.86,1288,48206.86956521739,48488.0,0,,,0,0
2,P5 upper red partial hypothesis,188,905.64,1288,47215.37888198758,47472.0,0,,,0,0
2,P5 upper red partial hypothesis,189,908.43,1288,45995.739130434784,46184.0,0,,,0,0
2,P5 upper red partial hypothesis,190,911.22,1288,44670.049689440995,44864.0,0,,,0,0
2,P5 upper red partial hypothesis,191,914.02,1288,43296.683229813665,43520.0,0,,,0,0
2,P5 upper red partial hypothesis,192,916.81,1288,42063.72670807454,42256.0,0,,,0,0
2,P5 upper red partial hypothesis,193,919.6,1288,41059.08074534161,41328.0,0,,,0,0
2,P5 upper red partial hypothesis,194,922.39,1288,40376.3850931677,40624.0,0,,,0,0
2,P5 upper red partial hypothesis,195,925.19,1288,39943.09316770186,40264.0,0,,,0,0
2,P5 upper red partial hypothesis,196,927.98,1288,39644.07453416149,39984.0,0,,,0,0
2,P5 upper red partial hypothesis,197,930.78,1288,39374.07453416149,39728.0,0,,,0,0
2,P5 upper red partial hypothesis,198,933.58,1288,39044.69565217391,39376.0,0,,,0,0
2,P5 upper red partial hypothesis,199,936.38,1288,38623.04347826087,38920.0,0,,,0,0
2,P5 upper red partial hypothesis,200,939.18,1288,38011.04347826087,38256.0,0,,,0,0
2,P5 upper red partial hypothesis,201,941.98,1288,37065.25465838509,37272.0,0,,,0,0
2,P5 upper red partial hypothesis,202,944.78,1288,35801.36645962733,35968.0,0,,,0,0
2,P5 upper red partial hypothesis,203,947.58,1288,34282.4099378882,34376.0,0,,,0,0
2,P5 upper red partial hypothesis,204,950.38,1288,32533.2049689441,32600.0,0,,,0,0
2,P5 upper red partial hypothesis,205,953.19,1288,30778.521739130436,30808.0,0,,,0,0
2,P5 upper red partial hypothesis,206,955.99,1288,29168.55900621118,29232.0,0,,,0,0
2,P5 upper red partial hypothesis,207,958.8,1288,27782.285714285714,27840.0,0,,,0,0
2,P5 upper red partial hypothesis,208,961.6,1288,26660.39751552795,26720.0,0,,,0,0
2,P5 upper red partial hypothesis,209,964.41,1288,25784.22360248447,25888.0,0,,,0,0
2,P5 upper red partial hypothesis,210,967.22,1288,25134.993788819876,25288.0,0,,,0,0
2,P5 upper red partial hypothesis,211,970.03,1288,24571.83850931677,24736.0,0,,,0,0
2,P5 upper red partial hypothesis,212,972.84,1288,24124.993788819876,24280.0,0,,,0,0
2,P5 upper red partial hypothesis,213,975.65,1288,23674.55900621118,23824.0,0,,,0,0
2,P5 upper red partial hypothesis,214,978.46,1288,23213.35403726708,23360.0,0,,,0,0
2,P5 upper red partial hypothesis,215,981.27,1288,22655.937888198758,22816.0,0,,,0,0
2,P5 upper red partial hypothesis,216,984.09,1288,22018.96894409938,22128.0,0,,,0,0
2,P5 upper red partial hypothesis,217,986.9,1288,21294.273291925467,21392.0,0,,,0,0
2,P5 upper red partial hypothesis,218,989.72,1288,20472.31055900621,20544.0,0,,,0,0
2,P5 upper red partial hypothesis,219,992.54,1288,19619.006211180124,19688.0,0,,,0,0
2,P5 upper red partial hypothesis,220,995.35,1288,18785.329192546586,18840.0,0,,,0,0
2,P5 upper red partial hypothesis,221,998.17,1288,17970.757763975154,18032.0,0,,,0,0
2,P5 upper red partial hypothesis,222,1000.99,1288,17251.416149068322,17328.0,0,,,0,0
2,P5 upper red partial hypothesis,223,1003.81,1288,17136.72049689441,17200.0,0,,,0,0
