sensor,region,descriptor,sample_n,valid_q_n,valid_q0_n,paired_n,valid_q_percent,q,q0,paired_q_minus_q0,paired_absolute_difference,index_flag_sample_counts_q,index_flag_sample_counts_q0
fx10,all_reviewed_regions,NDVI_800_680,7982,6190,6190,6190,77.54948634427461,"{""n"": 6190, ""min"": 0.03871972858905792, ""p05"": 0.1543847389519215, ""p10"": 0.2905413299798966, ""p25"": 0.6064258962869644, ""median"": 0.683659166097641, ""p75"": 0.725022703409195, ""p90"": 0.7578867733478546, ""p95"": 0.7723354786634444, ""max"": 0.8164161443710327, ""mean"": 0.6192529638010484, ""sd_population"": 0.17671050609391792}","{""n"": 6190, ""min"": 0.024768320843577385, ""p05"": 0.13808247223496437, ""p10"": 0.2510285899043085, ""p25"": 0.49233075976371765, ""median"": 0.5585041046142578, ""p75"": 0.612417072057724, ""p90"": 0.6444357693195343, ""p95"": 0.6581055015325545, ""max"": 0.6955736875534058, ""mean"": 0.514749033012772, ""sd_population"": 0.147314195618068}","{""n"": 6190, ""min"": 0.005558028817176819, ""p05"": 0.014321863651275635, ""p10"": 0.03731858730316162, ""p25"": 0.09137599915266037, ""median"": 0.1087358295917511, ""p75"": 0.12470275908708572, ""p90"": 0.15100168585777288, ""p95"": 0.1665288209915161, ""max"": 0.21116694808006287, ""mean"": 0.10450393078827656, ""sd_population"": 0.04039522076141123}","{""n"": 6190, ""min"": 0.005558028817176819, ""p05"": 0.014321863651275635, ""p10"": 0.03731858730316162, ""p25"": 0.09137599915266037, ""median"": 0.1087358295917511, ""p75"": 0.12470275908708572, ""p90"": 0.15100168585777288, ""p95"": 0.1665288209915161, ""max"": 0.21116694808006287, ""mean"": 0.10450393078827656, ""sd_population"": 0.04039522076141123}","{""1"": 1792, ""2"": 0, ""4"": 1792, ""8"": 0, ""16"": 1792}","{""1"": 1792, ""2"": 0, ""4"": 1792, ""8"": 0, ""16"": 1792}"
fx10,all_reviewed_regions,NDRE_790_720,7982,5999,5999,5999,75.15660235529943,"{""n"": 5999, ""min"": 0.00406742375344038, ""p05"": 0.02769052721560002, ""p10"": 0.03946200758218765, ""p25"": 0.12102507054805756, ""median"": 0.16542857885360718, ""p75"": 0.19174421578645706, ""p90"": 0.2091198205947876, ""p95"": 0.22198091149330135, ""max"": 0.3880769908428192, ""mean"": 0.1508089694136123, ""sd_population"": 0.06035580831972509}","{""n"": 5999, ""min"": 0.004398179706186056, ""p05"": 0.025801357440650464, ""p10"": 0.03643816411495209, ""p25"": 0.10680988058447838, ""median"": 0.1470865160226822, ""p75"": 0.17100097984075546, ""p90"": 0.18771105110645295, ""p95"": 0.1991879433393478, ""max"": 0.34227266907691956, ""mean"": 0.13426532945475367, ""sd_population"": 0.053707697187042935}","{""n"": 5999, ""min"": -0.00033075595274567604, ""p05"": 0.0017928004264831543, ""p10"": 0.0030843019485473654, ""p25"": 0.011590436100959778, ""median"": 0.01652650535106659, ""p75"": 0.02199643850326538, ""p90"": 0.02750977277755737, ""p95"": 0.03019377961754797, ""max"": 0.05183595418930054, ""mean"": 0.016543639958858648, ""sd_population"": 0.008508423851780356}","{""n"": 5999, ""min"": 0.00011520320549607277, ""p05"": 0.0017928004264831543, ""p10"": 0.0030843019485473654, ""p25"": 0.011590436100959778, ""median"": 0.01652650535106659, ""p75"": 0.02199643850326538, ""p90"": 0.02750977277755737, ""p95"": 0.03019377961754797, ""max"": 0.05183595418930054, ""mean"": 0.016543788636691033, ""sd_population"": 0.008508134758828285}","{""1"": 1983, ""2"": 0, ""4"": 1983, ""8"": 0, ""16"": 1983}","{""1"": 1983, ""2"": 0, ""4"": 1983, ""8"": 0, ""16"": 1983}"
fx10,all_reviewed_regions,GNDVI_800_550,7982,6190,6190,6190,77.54948634427461,"{""n"": 6190, ""min"": 0.03676086291670799, ""p05"": 0.36143303364515306, ""p10"": 0.3988815635442734, ""p25"": 0.4357926845550537, ""median"": 0.47252579033374786, ""p75"": 0.5049844831228256, ""p90"": 0.5484300434589386, ""p95"": 0.5757196158170699, ""max"": 0.6794116497039795, ""mean"": 0.46842964892553973, ""sd_population"": 0.06761120812073494}","{""n"": 6190, ""min"": -0.05027411878108978, ""p05"": 0.15517852231860163, ""p10"": 0.23011918216943744, ""p25"": 0.28415264934301376, ""median"": 0.3254167288541794, ""p75"": 0.35468292981386185, ""p90"": 0.38784974813461304, ""p95"": 0.40424478501081457, ""max"": 0.470634400844574, ""mean"": 0.31132652583386844, ""sd_population"": 0.07248966276607256}","{""n"": 6190, ""min"": 0.05310441553592682, ""p05"": 0.09727892577648163, ""p10"": 0.10556631982326507, ""p25"": 0.12271614372730255, ""median"": 0.14991794526576996, ""p75"": 0.1880151480436325, ""p90"": 0.2168371379375458, ""p95"": 0.23727209754288178, ""max"": 0.3450588705018163, ""mean"": 0.1571031230916713, ""sd_population"": 0.04397284869791992}","{""n"": 6190, ""min"": 0.05310441553592682, ""p05"": 0.09727892577648163, ""p10"": 0.10556631982326507, ""p25"": 0.12271614372730255, ""median"": 0.14991794526576996, ""p75"": 0.1880151480436325, ""p90"": 0.2168371379375458, ""p95"": 0.23727209754288178, ""max"": 0.3450588705018163, ""mean"": 0.1571031230916713, ""sd_population"": 0.04397284869791992}","{""1"": 1792, ""2"": 0, ""4"": 1792, ""8"": 0, ""16"": 1792}","{""1"": 1792, ""2"": 0, ""4"": 1792, ""8"": 0, ""16"": 1792}"
fx10,all_reviewed_regions,PRI_531_570,7982,7289,7289,7289,91.31796542219995,"{""n"": 7289, ""min"": -0.07090409100055695, ""p05"": -0.04055028036236763, ""p10"": -0.027623905241489406, ""p25"": 0.015205331146717072, ""median"": 0.03860364854335785, ""p75"": 0.05338885635137558, ""p90"": 0.06516323238611221, ""p95"": 0.07183945775032038, ""max"": 0.11622247844934464, ""mean"": 0.03000518820369086, ""sd_population"": 0.03381708340820383}","{""n"": 7289, ""min"": -0.019110413268208504, ""p05"": 0.008835350908339024, ""p10"": 0.021708992496132853, ""p25"": 0.06473809480667114, ""median"": 0.08237648755311966, ""p75"": 0.09682969003915787, ""p90"": 0.10806854218244552, ""p95"": 0.11497366726398468, ""max"": 0.14985224604606628, ""mean"": 0.07554142840711832, ""sd_population"": 0.031169199097706997}","{""n"": 7289, ""min"": -0.11067371070384979, ""p05"": -0.06897638887166976, ""p10"": -0.06336045302450657, ""p25"": -0.05515766143798828, ""median"": -0.045322285033762455, ""p75"": -0.033862195909023285, ""p90"": -0.027995345741510393, ""p95"": -0.02512091249227524, ""max"": -0.012978993356227875, ""mean"": -0.04553624020342746, ""sd_population"": 0.013974416407348941}","{""n"": 7289, ""min"": 0.012978993356227875, ""p05"": 0.025120912492275237, ""p10"": 0.027995345741510393, ""p25"": 0.033862195909023285, ""median"": 0.045322285033762455, ""p75"": 0.05515766143798828, ""p90"": 0.06336045302450656, ""p95"": 0.06897638887166976, ""max"": 0.11067371070384979, ""mean"": 0.04553624020342746, ""sd_population"": 0.013974416407348941}","{""1"": 693, ""2"": 0, ""4"": 693, ""8"": 0, ""16"": 693}","{""1"": 693, ""2"": 0, ""4"": 693, ""8"": 0, ""16"": 693}"
fx10,all_reviewed_regions,PSRI_678_500_750,7982,5935,5935,5935,74.35479829616638,"{""n"": 5935, ""min"": -0.29440781474113464, ""p05"": -0.16717080771923065, ""p10"": -0.14931149482727052, ""p25"": -0.13007176667451859, ""median"": -0.10904329270124435, ""p75"": -0.07331149280071259, ""p90"": 0.04418060407042509, ""p95"": 0.35832512974739084, ""max"": 0.5238147974014282, ""mean"": -0.06738198853952876, ""sd_population"": 0.13965614893503717}","{""n"": 5935, ""min"": -0.9761278629302979, ""p05"": -0.5402377009391784, ""p10"": -0.45670178532600403, ""p25"": -0.3799302875995636, ""median"": -0.3090348541736603, ""p75"": -0.2710894048213959, ""p90"": -0.14970901012420643, ""p95"": 0.14696458727121373, ""max"": 0.3272045850753784, ""mean"": -0.29894094618284295, ""sd_population"": 0.17347596419483094}","{""n"": 5935, ""min"": 0.12504220195114613, ""p05"": 0.1575144342146814, ""p10"": 0.16534074395895004, ""p25"": 0.18107841163873672, ""median"": 0.2071032002568245, ""p75"": 0.2631758227944374, ""p90"": 0.3282281756401062, ""p95"": 0.3916530780494214, ""max"": 0.7695243507623672, ""mean"": 0.23155895764331422, ""sd_population"": 0.0736900058484747}","{""n"": 5935, ""min"": 0.12504220195114613, ""p05"": 0.1575144342146814, ""p10"": 0.16534074395895004, ""p25"": 0.18107841163873672, ""median"": 0.2071032002568245, ""p75"": 0.2631758227944374, ""p90"": 0.3282281756401062, ""p95"": 0.3916530780494214, ""max"": 0.7695243507623672, ""mean"": 0.23155895764331422, ""sd_population"": 0.0736900058484747}","{""1"": 2047, ""2"": 0, ""4"": 2047, ""8"": 0, ""16"": 2047}","{""1"": 2047, ""2"": 0, ""4"": 2047, ""8"": 0, ""16"": 2047}"
fx10,all_reviewed_regions,SIPI_800_445_680,7982,6190,6190,6190,77.54948634427461,"{""n"": 6190, ""min"": -0.43294966220855713, ""p05"": 0.5415090322494507, ""p10"": 0.6069267094135284, ""p25"": 0.6727699488401413, ""median"": 0.733413577079773, ""p75"": 0.8284587115049362, ""p90"": 1.0887691617012032, ""p95"": 2.0063278794288593, ""max"": 3.55106782913208, ""mean"": 0.8519400677025343, ""sd_population"": 0.4446852988137983}","{""n"": 6190, ""min"": -8.812273025512695, ""p05"": -0.5454758554697037, ""p10"": -0.1592623069882391, ""p25"": 0.09587645344436169, ""median"": 0.32409703731536865, ""p75"": 0.41477232426404953, ""p90"": 0.6078240156173706, ""p95"": 1.1317504703998558, ""max"": 2.149245023727417, ""mean"": 0.25583836984657304, ""sd_population"": 0.565883049635384}","{""n"": 6190, ""min"": 0.2656126916408539, ""p05"": 0.3144229143857956, ""p10"": 0.3315623700618744, ""p25"": 0.3812468573451042, ""median"": 0.49119117856025696, ""p75"": 0.6777185327373445, ""p90"": 0.9775468170642856, ""p95"": 1.168990208953619, ""max"": 8.965315401554108, ""mean"": 0.5961016978559612, ""sd_population"": 0.42252562753892875}","{""n"": 6190, ""min"": 0.2656126916408539, ""p05"": 0.3144229143857956, ""p10"": 0.3315623700618744, ""p25"": 0.3812468573451042, ""median"": 0.49119117856025696, ""p75"": 0.6777185327373445, ""p90"": 0.9775468170642856, ""p95"": 1.168990208953619, ""max"": 8.965315401554108, ""mean"": 0.5961016978559612, ""sd_population"": 0.42252562753892875}","{""1"": 1792, ""2"": 0, ""4"": 1792, ""8"": 0, ""16"": 1792}","{""1"": 1792, ""2"": 0, ""4"": 1792, ""8"": 0, ""16"": 1792}"
fx10,R1,NDVI_800_680,346,226,226,226,65.3179190751445,"{""n"": 226, ""min"": 0.13159550726413727, ""p05"": 0.2806306257843971, ""p10"": 0.3177817314863205, ""p25"": 0.391626238822937, ""median"": 0.5114498734474182, ""p75"": 0.5991261303424835, ""p90"": 0.6463676989078522, ""p95"": 0.6630997210741043, ""max"": 0.6866545081138611, ""mean"": 0.4907647782722406, ""sd_population"": 0.12743675233942642}","{""n"": 226, ""min"": 0.09321268647909164, ""p05"": 0.21211613342165947, ""p10"": 0.24620120227336884, ""p25"": 0.3025357499718666, ""median"": 0.4189392030239105, ""p75"": 0.47392819821834564, ""p90"": 0.5402177274227142, ""p95"": 0.5693224221467972, ""max"": 0.5961964726448059, ""mean"": 0.3982466555208759, ""sd_population"": 0.11095607306058419}","{""n"": 226, ""min"": 0.0375184491276741, ""p05"": 0.04838210344314575, ""p10"": 0.05397675931453705, ""p25"": 0.06301833689212799, ""median"": 0.08036932349205017, ""p75"": 0.09791240096092224, ""p90"": 0.17094668745994568, ""p95"": 0.18373393267393112, ""max"": 0.200455904006958, ""mean"": 0.09251812275136466, ""sd_population"": 0.042108567835469894}","{""n"": 226, ""min"": 0.0375184491276741, ""p05"": 0.04838210344314575, ""p10"": 0.05397675931453705, ""p25"": 0.06301833689212799, ""median"": 0.08036932349205017, ""p75"": 0.09791240096092224, ""p90"": 0.17094668745994568, ""p95"": 0.18373393267393112, ""max"": 0.200455904006958, ""mean"": 0.09251812275136466, ""sd_population"": 0.042108567835469894}","{""1"": 120, ""2"": 0, ""4"": 120, ""8"": 0, ""16"": 120}","{""1"": 120, ""2"": 0, ""4"": 120, ""8"": 0, ""16"": 120}"
fx10,R1,NDRE_790_720,346,215,215,215,62.138728323699425,"{""n"": 215, ""min"": 0.039658281952142715, ""p05"": 0.06756170615553855, ""p10"": 0.08329197019338609, ""p25"": 0.1095656231045723, ""median"": 0.14383770525455475, ""p75"": 0.18592841178178787, ""p90"": 0.2154771327972412, ""p95"": 0.22143689692020416, ""max"": 0.23218131065368652, ""mean"": 0.14749052377287733, ""sd_population"": 0.048623733502949636}","{""n"": 215, ""min"": 0.03191300109028816, ""p05"": 0.05549859367311001, ""p10"": 0.0688613384962082, ""p25"": 0.08994510024785995, ""median"": 0.1266472041606903, ""p75"": 0.16967988014221191, ""p90"": 0.19684309363365174, ""p95"": 0.2023547291755676, ""max"": 0.21276849508285522, ""mean"": 0.1286679979327113, ""sd_population"": 0.04746056720577361}","{""n"": 215, ""min"": 0.007745280861854553, ""p05"": 0.010854354128241539, ""p10"": 0.012049825489521026, ""p25"": 0.014821425080299377, ""median"": 0.018114879727363586, ""p75"": 0.021450724452733994, ""p90"": 0.02766015231609344, ""p95"": 0.030303838104009623, ""max"": 0.045799851417541504, ""mean"": 0.018822525840166002, ""sd_population"": 0.005955189931013062}","{""n"": 215, ""min"": 0.007745280861854553, ""p05"": 0.010854354128241539, ""p10"": 0.012049825489521026, ""p25"": 0.014821425080299377, ""median"": 0.018114879727363586, ""p75"": 0.021450724452733994, ""p90"": 0.02766015231609344, ""p95"": 0.030303838104009623, ""max"": 0.045799851417541504, ""mean"": 0.018822525840166002, ""sd_population"": 0.005955189931013062}","{""1"": 131, ""2"": 0, ""4"": 131, ""8"": 0, ""16"": 131}","{""1"": 131, ""2"": 0, ""4"": 131, ""8"": 0, ""16"": 131}"
fx10,R1,GNDVI_800_550,346,226,226,226,65.3179190751445,"{""n"": 226, ""min"": 0.15230849385261536, ""p05"": 0.22695878148078918, ""p10"": 0.2378765121102333, ""p25"": 0.28356552869081497, ""median"": 0.36166898906230927, ""p75"": 0.4271799176931381, ""p90"": 0.49127477407455444, ""p95"": 0.5102148652076721, ""max"": 0.5242496728897095, ""mean"": 0.362289323215991, ""sd_population"": 0.09005213381485307}","{""n"": 226, ""min"": 0.010383564047515392, ""p05"": 0.06420571729540825, ""p10"": 0.07560352981090546, ""p25"": 0.10380389913916588, ""median"": 0.22172027081251144, ""p75"": 0.31721754372119904, ""p90"": 0.35645362734794617, ""p95"": 0.37564490735530853, ""max"": 0.3953525722026825, ""mean"": 0.21336176914401947, ""sd_population"": 0.11222055210211178}","{""n"": 226, ""min"": 0.0705362856388092, ""p05"": 0.08012686669826508, ""p10"": 0.09357726573944092, ""p25"": 0.10945425182580948, ""median"": 0.13543818891048431, ""p75"": 0.1782880611717701, ""p90"": 0.23182745650410652, ""p95"": 0.239121550694108, ""max"": 0.3450588705018163, ""mean"": 0.14892755407197153, ""sd_population"": 0.05093007410668489}","{""n"": 226, ""min"": 0.0705362856388092, ""p05"": 0.08012686669826508, ""p10"": 0.09357726573944092, ""p25"": 0.10945425182580948, ""median"": 0.13543818891048431, ""p75"": 0.1782880611717701, ""p90"": 0.23182745650410652, ""p95"": 0.239121550694108, ""max"": 0.3450588705018163, ""mean"": 0.14892755407197153, ""sd_population"": 0.05093007410668489}","{""1"": 120, ""2"": 0, ""4"": 120, ""8"": 0, ""16"": 120}","{""1"": 120, ""2"": 0, ""4"": 120, ""8"": 0, ""16"": 120}"
fx10,R1,PRI_531_570,346,346,346,346,100.0,"{""n"": 346, ""min"": -0.07090409100055695, ""p05"": -0.04649264831095934, ""p10"": -0.04158376716077328, ""p25"": -0.02966149989515543, ""median"": -0.017807763069868088, ""p75"": -0.0014309043472167104, ""p90"": 0.025298521853983402, ""p95"": 0.03554060123860836, ""max"": 0.05649525672197342, ""mean"": -0.013407883964777746, ""sd_population"": 0.024102073889390372}","{""n"": 346, ""min"": -0.019110413268208504, ""p05"": -0.003521673963405192, ""p10"": 0.0027674598386511207, ""p25"": 0.020684433169662952, ""median"": 0.038900069892406464, ""p75"": 0.05778784304857254, ""p90"": 0.09338828548789024, ""p95"": 0.10143500380218029, ""max"": 0.12950767576694489, ""mean"": 0.042282119285807516, ""sd_population"": 0.031560774993487674}","{""n"": 346, ""min"": -0.10312874615192413, ""p05"": -0.0837640156969428, ""p10"": -0.07606074120849371, ""p25"": -0.06333971419371665, ""median"": -0.054403314366936684, ""p75"": -0.046150685055181384, ""p90"": -0.03784392823581584, ""p95"": -0.03270257607800886, ""max"": -0.02364169340580702, ""mean"": -0.05569000325058526, ""sd_population"": 0.014576073056061047}","{""n"": 346, ""min"": 0.02364169340580702, ""p05"": 0.03270257607800886, ""p10"": 0.03784392823581584, ""p25"": 0.046150685055181384, ""median"": 0.054403314366936684, ""p75"": 0.06333971419371665, ""p90"": 0.07606074120849371, ""p95"": 0.0837640156969428, ""max"": 0.10312874615192413, ""mean"": 0.05569000325058526, ""sd_population"": 0.014576073056061047}","{""1"": 0, ""2"": 0, ""4"": 0, ""8"": 0, ""16"": 0}","{""1"": 0, ""2"": 0, ""4"": 0, ""8"": 0, ""16"": 0}"
fx10,R1,PSRI_678_500_750,346,234,234,234,67.6300578034682,"{""n"": 234, ""min"": -0.18282023072242737, ""p05"": -0.1546008840203285, ""p10"": -0.13140529096126558, ""p25"": -0.0592495147138834, ""median"": -0.012371330987662077, ""p75"": 0.015754878986626863, ""p90"": 0.061325647681951555, ""p95"": 0.09565511792898176, ""max"": 0.2261141836643219, ""mean"": -0.021117151534517143, ""sd_population"": 0.07296712186238118}","{""n"": 234, ""min"": -0.9067188501358032, ""p05"": -0.6136758208274842, ""p10"": -0.5840856254100799, ""p25"": -0.4385051801800728, ""median"": -0.23295342177152634, ""p75"": -0.1808987595140934, ""p90"": -0.14177794456481935, ""p95"": -0.12313203737139702, ""max"": -0.08233904093503952, ""mean"": -0.31340206022828054, ""sd_population"": 0.16897627785237782}","{""n"": 234, ""min"": 0.14383545145392418, ""p05"": 0.16137720360420643, ""p10"": 0.167508130625356, ""p25"": 0.1837374356109649, ""median"": 0.23438400588929653, ""p75"": 0.4035769756883383, ""p90"": 0.4600628815591336, ""p95"": 0.49446482732892033, ""max"": 0.7695243507623672, ""mean"": 0.2922849086937634, ""sd_population"": 0.12312313137028101}","{""n"": 234, ""min"": 0.14383545145392418, ""p05"": 0.16137720360420643, ""p10"": 0.167508130625356, ""p25"": 0.1837374356109649, ""median"": 0.23438400588929653, ""p75"": 0.4035769756883383, ""p90"": 0.4600628815591336, ""p95"": 0.49446482732892033, ""max"": 0.7695243507623672, ""mean"": 0.2922849086937634, ""sd_population"": 0.12312313137028101}","{""1"": 112, ""2"": 0, ""4"": 112, ""8"": 0, ""16"": 112}","{""1"": 112, ""2"": 0, ""4"": 112, ""8"": 0, ""16"": 112}"
fx10,R1,SIPI_800_445_680,346,226,226,226,65.3179190751445,"{""n"": 226, ""min"": 0.23455199599266052, ""p05"": 0.5033998042345047, ""p10"": 0.5707545876502991, ""p25"": 0.6815896481275558, ""median"": 0.9164528846740723, ""p75"": 0.9917991757392883, ""p90"": 1.0788745880126953, ""p95"": 1.1457284986972809, ""max"": 1.5563796758651733, ""mean"": 0.8577090721346635, ""sd_population"": 0.21057634983596504}","{""n"": 226, ""min"": -4.206904411315918, ""p05"": -1.1731020510196686, ""p10"": -0.8562174141407013, ""p25"": -0.6260214447975159, ""median"": 0.23634106665849686, ""p75"": 0.5032144337892532, ""p90"": 0.5560822784900665, ""p95"": 0.6032517552375793, ""max"": 0.6940539479255676, ""mean"": -0.12166717816638735, ""sd_population"": 0.7415869458511032}","{""n"": 226, ""min"": 0.3654319643974304, ""p05"": 0.4046563357114792, ""p10"": 0.41759029030799866, ""p25"": 0.4600711166858673, ""median"": 0.8233551345765591, ""p75"": 1.2960923612117767, ""p90"": 1.5504174828529358, ""p95"": 2.1187241226434708, ""max"": 5.404569149017334, ""mean"": 0.9793762503010509, ""sd_population"": 0.6630944290386301}","{""n"": 226, ""min"": 0.3654319643974304, ""p05"": 0.4046563357114792, ""p10"": 0.41759029030799866, ""p25"": 0.4600711166858673, ""median"": 0.8233551345765591, ""p75"": 1.2960923612117767, ""p90"": 1.5504174828529358, ""p95"": 2.1187241226434708, ""max"": 5.404569149017334, ""mean"": 0.9793762503010509, ""sd_population"": 0.6630944290386301}","{""1"": 120, ""2"": 0, ""4"": 120, ""8"": 0, ""16"": 120}","{""1"": 120, ""2"": 0, ""4"": 120, ""8"": 0, ""16"": 120}"
fx10,R2,NDVI_800_680,1390,1148,1148,1148,82.58992805755396,"{""n"": 1148, ""min"": 0.46507930755615234, ""p05"": 0.5894007295370102, ""p10"": 0.6124786138534546, ""p25"": 0.6568615138530731, ""median"": 0.6993192434310913, ""p75"": 0.718123197555542, ""p90"": 0.7315891146659851, ""p95"": 0.7411387860774994, ""max"": 0.7618435621261597, ""mean"": 0.6835417273723705, ""sd_population"": 0.04874936434965645}","{""n"": 1148, ""min"": 0.37710216641426086, ""p05"": 0.485673263669014, ""p10"": 0.5051716864109039, ""p25"": 0.5490159392356873, ""median"": 0.5905055701732635, ""p75"": 0.6109583377838135, ""p90"": 0.623247629404068, ""p95"": 0.6366054832935333, ""max"": 0.6570635437965393, ""mean"": 0.5768028151646308, ""sd_population"": 0.046726801304334036}","{""n"": 1148, ""min"": 0.07016929984092712, ""p05"": 0.08955426514148712, ""p10"": 0.09324398040771484, ""p25"": 0.09982326626777649, ""median"": 0.10658997297286987, ""p75"": 0.1141575276851654, ""p90"": 0.12064145803451537, ""p95"": 0.12371879518032074, ""max"": 0.13864195346832275, ""mean"": 0.10673891220773969, ""sd_population"": 0.010627953184549545}","{""n"": 1148, ""min"": 0.07016929984092712, ""p05"": 0.08955426514148712, ""p10"": 0.09324398040771484, ""p25"": 0.09982326626777649, ""median"": 0.10658997297286987, ""p75"": 0.1141575276851654, ""p90"": 0.12064145803451537, ""p95"": 0.12371879518032074, ""max"": 0.13864195346832275, ""mean"": 0.10673891220773969, ""sd_population"": 0.010627953184549545}","{""1"": 242, ""2"": 0, ""4"": 242, ""8"": 0, ""16"": 242}","{""1"": 242, ""2"": 0, ""4"": 242, ""8"": 0, ""16"": 242}"
fx10,R2,NDRE_790_720,1390,1096,1096,1096,78.84892086330935,"{""n"": 1096, ""min"": 0.04641944542527199, ""p05"": 0.06695139408111572, ""p10"": 0.07356321439146996, ""p25"": 0.09099984914064407, ""median"": 0.11616948246955872, ""p75"": 0.1547231525182724, ""p90"": 0.20202992111444473, ""p95"": 0.21112535521388054, ""max"": 0.23119091987609863, ""mean"": 0.1265749330802338, ""sd_population"": 0.0453243471296436}","{""n"": 1096, ""min"": 0.04154333099722862, ""p05"": 0.05998499598354101, ""p10"": 0.06639457866549492, ""p25"": 0.08246267214417458, ""median"": 0.10581117495894432, ""p75"": 0.13841461390256882, ""p90"": 0.18399347364902496, ""p95"": 0.19228936359286308, ""max"": 0.21025003492832184, ""mean"": 0.11460424890320231, ""sd_population"": 0.04104228311413116}","{""n"": 1096, ""min"": 0.004317343235015869, ""p05"": 0.006009541451931, ""p10"": 0.0066347382962703705, ""p25"": 0.008171332068741322, ""median"": 0.010937150567770004, ""p75"": 0.01574447751045227, ""p90"": 0.018836215138435364, ""p95"": 0.020169876515865326, ""max"": 0.024731740355491638, ""mean"": 0.011970684177031482, ""sd_population"": 0.004606823798752208}","{""n"": 1096, ""min"": 0.004317343235015869, ""p05"": 0.006009541451931, ""p10"": 0.0066347382962703705, ""p25"": 0.008171332068741322, ""median"": 0.010937150567770004, ""p75"": 0.01574447751045227, ""p90"": 0.018836215138435364, ""p95"": 0.020169876515865326, ""max"": 0.024731740355491638, ""mean"": 0.011970684177031482, ""sd_population"": 0.004606823798752208}","{""1"": 294, ""2"": 0, ""4"": 294, ""8"": 0, ""16"": 294}","{""1"": 294, ""2"": 0, ""4"": 294, ""8"": 0, ""16"": 294}"
fx10,R2,GNDVI_800_550,1390,1148,1148,1148,82.58992805755396,"{""n"": 1148, ""min"": 0.35671466588974, ""p05"": 0.4665980413556099, ""p10"": 0.47843160331249235, ""p25"": 0.51435187458992, ""median"": 0.5480690896511078, ""p75"": 0.5749898254871368, ""p90"": 0.5909938037395477, ""p95"": 0.5962550282478333, ""max"": 0.6176950335502625, ""mean"": 0.5408472452273767, ""sd_population"": 0.042602533801174465}","{""n"": 1148, ""min"": 0.2044897973537445, ""p05"": 0.29088162928819655, ""p10"": 0.3066744476556778, ""p25"": 0.34352681785821915, ""median"": 0.37969252467155457, ""p75"": 0.4036772847175598, ""p90"": 0.414462810754776, ""p95"": 0.4194545730948448, ""max"": 0.4364176094532013, ""mean"": 0.369640346915049, ""sd_population"": 0.041183111087406354}","{""n"": 1148, ""min"": 0.11028498411178589, ""p05"": 0.1361858829855919, ""p10"": 0.141881588101387, ""p25"": 0.15381015092134476, ""median"": 0.17131000757217407, ""p75"": 0.1890093758702278, ""p90"": 0.20067965388298034, ""p95"": 0.20539294183254236, ""max"": 0.22307223081588745, ""mean"": 0.17120689831232774, ""sd_population"": 0.02215721339655342}","{""n"": 1148, ""min"": 0.11028498411178589, ""p05"": 0.1361858829855919, ""p10"": 0.141881588101387, ""p25"": 0.15381015092134476, ""median"": 0.17131000757217407, ""p75"": 0.1890093758702278, ""p90"": 0.20067965388298034, ""p95"": 0.20539294183254236, ""max"": 0.22307223081588745, ""mean"": 0.17120689831232774, ""sd_population"": 0.02215721339655342}","{""1"": 242, ""2"": 0, ""4"": 242, ""8"": 0, ""16"": 242}","{""1"": 242, ""2"": 0, ""4"": 242, ""8"": 0, ""16"": 242}"
fx10,R2,PRI_531_570,1390,1390,1390,1390,100.0,"{""n"": 1390, ""min"": -0.0251399427652359, ""p05"": 5.150760644028207e-05, ""p10"": 0.006191289331763983, ""p25"": 0.015139687806367874, ""median"": 0.025824174284934998, ""p75"": 0.03566866088658571, ""p90"": 0.044178957492113126, ""p95"": 0.04962600469589233, ""max"": 0.07463362067937851, ""mean"": 0.025392778205761007, ""sd_population"": 0.01508050885439474}","{""n"": 1390, ""min"": 0.032007742673158646, ""p05"": 0.06022532526403666, ""p10"": 0.0638471633195877, ""p25"": 0.0710298977792263, ""median"": 0.0804084949195385, ""p75"": 0.08965939283370972, ""p90"": 0.09737006947398186, ""p95"": 0.10366994254291058, ""max"": 0.1226029247045517, ""mean"": 0.0808099710496424, ""sd_population"": 0.013487999221978717}","{""n"": 1390, ""min"": -0.11067371070384979, ""p05"": -0.07568158631765982, ""p10"": -0.071233297791332, ""p25"": -0.06382741685956717, ""median"": -0.05626661144196987, ""p75"": -0.04589436715468764, ""p90"": -0.03846206925809383, ""p95"": -0.033949088770896196, ""max"": -0.02529643476009369, ""mean"": -0.055417192843881385, ""sd_population"": 0.013008761078415216}","{""n"": 1390, ""min"": 0.02529643476009369, ""p05"": 0.033949088770896196, ""p10"": 0.03846206925809383, ""p25"": 0.04589436715468764, ""median"": 0.05626661144196987, ""p75"": 0.06382741685956717, ""p90"": 0.071233297791332, ""p95"": 0.07568158631765981, ""max"": 0.11067371070384979, ""mean"": 0.055417192843881385, ""sd_population"": 0.013008761078415216}","{""1"": 0, ""2"": 0, ""4"": 0, ""8"": 0, ""16"": 0}","{""1"": 0, ""2"": 0, ""4"": 0, ""8"": 0, ""16"": 0}"
fx10,R2,PSRI_678_500_750,1390,1112,1112,1112,80.0,"{""n"": 1112, ""min"": -0.12483534216880798, ""p05"": -0.09986970610916615, ""p10"": -0.09501662626862525, ""p25"": -0.0838816836476326, ""median"": -0.07323656231164932, ""p75"": -0.06533145345747471, ""p90"": -0.0583193875849247, ""p95"": -0.05364477057009935, ""max"": 0.006264070514589548, ""mean"": -0.07462472217295674, ""sd_population"": 0.015313908860048596}","{""n"": 1112, ""min"": -0.38992437720298767, ""p05"": -0.3586339712142944, ""p10"": -0.343545663356781, ""p25"": -0.31279372423887253, ""median"": -0.2856091409921646, ""p75"": -0.26618415117263794, ""p90"": -0.24603769630193711, ""p95"": -0.23765504285693168, ""max"": -0.18965698778629303, ""mean"": -0.29084085796376785, ""sd_population"": 0.03640769022115162}","{""n"": 1112, ""min"": 0.16244546324014664, ""p05"": 0.1752402361482382, ""p10"": 0.18186709135770798, ""p25"": 0.195478904992342, ""median"": 0.21390520967543125, ""p75"": 0.23407638631761074, ""p90"": 0.2528693124651909, ""p95"": 0.2674683589488268, ""max"": 0.30880293995141983, ""mean"": 0.21621613579081111, ""sd_population"": 0.027442335858529354}","{""n"": 1112, ""min"": 0.16244546324014664, ""p05"": 0.1752402361482382, ""p10"": 0.18186709135770798, ""p25"": 0.195478904992342, ""median"": 0.21390520967543125, ""p75"": 0.23407638631761074, ""p90"": 0.2528693124651909, ""p95"": 0.2674683589488268, ""max"": 0.30880293995141983, ""mean"": 0.21621613579081111, ""sd_population"": 0.027442335858529354}","{""1"": 278, ""2"": 0, ""4"": 278, ""8"": 0, ""16"": 278}","{""1"": 278, ""2"": 0, ""4"": 278, ""8"": 0, ""16"": 278}"
fx10,R2,SIPI_800_445_680,1390,1148,1148,1148,82.58992805755396,"{""n"": 1148, ""min"": 0.6684176921844482, ""p05"": 0.7414192259311676, ""p10"": 0.7601211905479431, ""p25"": 0.792805090546608, ""median"": 0.8260040581226349, ""p75"": 0.8506363779306412, ""p90"": 0.8714885413646698, ""p95"": 0.8819836497306823, ""max"": 0.9602077603340149, ""mean"": 0.8200246605515895, ""sd_population"": 0.044116911056032944}","{""n"": 1148, ""min"": -0.07804646342992783, ""p05"": 0.10769343748688698, ""p10"": 0.16626458168029784, ""p25"": 0.2515518143773079, ""median"": 0.34771814942359924, ""p75"": 0.40608567744493484, ""p90"": 0.461380323767662, ""p95"": 0.47636341452598574, ""max"": 0.5030491352081299, ""mean"": 0.32658208977189307, ""sd_population"": 0.1108611516420018}","{""n"": 1148, ""min"": 0.3204585015773773, ""p05"": 0.36918071657419205, ""p10"": 0.38297187685966494, ""p25"": 0.4264557585120201, ""median"": 0.48356224596500397, ""p75"": 0.5474725998938084, ""p90"": 0.6112181544303894, ""p95"": 0.656222543865442, ""max"": 0.8323941454291344, ""mean"": 0.4934425707796965, ""sd_population"": 0.08865092795563966}","{""n"": 1148, ""min"": 0.3204585015773773, ""p05"": 0.36918071657419205, ""p10"": 0.38297187685966494, ""p25"": 0.4264557585120201, ""median"": 0.48356224596500397, ""p75"": 0.5474725998938084, ""p90"": 0.6112181544303894, ""p95"": 0.656222543865442, ""max"": 0.8323941454291344, ""mean"": 0.4934425707796965, ""sd_population"": 0.08865092795563966}","{""1"": 242, ""2"": 0, ""4"": 242, ""8"": 0, ""16"": 242}","{""1"": 242, ""2"": 0, ""4"": 242, ""8"": 0, ""16"": 242}"
fx10,R3,NDVI_800_680,1916,1916,1916,1916,100.0,"{""n"": 1916, ""min"": 0.03871972858905792, ""p05"": 0.42147116363048553, ""p10"": 0.5316636562347412, ""p25"": 0.619020625948906, ""median"": 0.6738148033618927, ""p75"": 0.7060953080654144, ""p90"": 0.7229525446891785, ""p95"": 0.7322337180376053, ""max"": 0.8155703544616699, ""mean"": 0.6417191041777366, ""sd_population"": 0.10871479037286752}","{""n"": 1916, ""min"": 0.024768320843577385, ""p05"": 0.33905674517154694, ""p10"": 0.40394026041030884, ""p25"": 0.4950316697359085, ""median"": 0.5390906035900116, ""p75"": 0.5676760524511337, ""p90"": 0.5877697765827179, ""p95"": 0.5982092171907425, ""max"": 0.6815192699432373, ""mean"": 0.5138603962485393, ""sd_population"": 0.09197696167560974}","{""n"": 1916, ""min"": 0.01355995424091816, ""p05"": 0.07030709087848663, ""p10"": 0.08008314669132233, ""p25"": 0.09771555662155151, ""median"": 0.13143476843833923, ""p75"": 0.1546102911233902, ""p90"": 0.17827285826206207, ""p95"": 0.18986444920301437, ""max"": 0.21116694808006287, ""mean"": 0.12785870792919726, ""sd_population"": 0.03772632729264812}","{""n"": 1916, ""min"": 0.01355995424091816, ""p05"": 0.07030709087848663, ""p10"": 0.08008314669132233, ""p25"": 0.09771555662155151, ""median"": 0.13143476843833923, ""p75"": 0.1546102911233902, ""p90"": 0.17827285826206207, ""p95"": 0.18986444920301437, ""max"": 0.21116694808006287, ""mean"": 0.12785870792919726, ""sd_population"": 0.03772632729264812}","{""1"": 0, ""2"": 0, ""4"": 0, ""8"": 0, ""16"": 0}","{""1"": 0, ""2"": 0, ""4"": 0, ""8"": 0, ""16"": 0}"
fx10,R3,NDRE_790_720,1916,1916,1916,1916,100.0,"{""n"": 1916, ""min"": 0.016914691776037216, ""p05"": 0.1257174387574196, ""p10"": 0.14434882998466492, ""p25"": 0.16078895330429077, ""median"": 0.18400315940380096, ""p75"": 0.1977459229528904, ""p90"": 0.20904433727264404, ""p95"": 0.21686218306422234, ""max"": 0.2976558804512024, ""mean"": 0.17840413467974123, ""sd_population"": 0.03197886969252534}","{""n"": 1916, ""min"": 0.012942065484821796, ""p05"": 0.10569377802312374, ""p10"": 0.11877677962183952, ""p25"": 0.1373075135052204, ""median"": 0.161824032664299, ""p75"": 0.17484265938401222, ""p90"": 0.18673507869243622, ""p95"": 0.19456104934215546, ""max"": 0.254905641078949, ""mean"": 0.1553234658515108, ""sd_population"": 0.03071661961612296}","{""n"": 1916, ""min"": 0.0033969730138778687, ""p05"": 0.014473121613264084, ""p10"": 0.015676334500312805, ""p25"": 0.018370311707258224, ""median"": 0.022833965718746185, ""p75"": 0.027049556374549866, ""p90"": 0.030748814344406128, ""p95"": 0.03354308754205704, ""max"": 0.05183595418930054, ""mean"": 0.023080668828230438, ""sd_population"": 0.006284721660515405}","{""n"": 1916, ""min"": 0.0033969730138778687, ""p05"": 0.014473121613264084, ""p10"": 0.015676334500312805, ""p25"": 0.018370311707258224, ""median"": 0.022833965718746185, ""p75"": 0.027049556374549866, ""p90"": 0.030748814344406128, ""p95"": 0.03354308754205704, ""max"": 0.05183595418930054, ""mean"": 0.023080668828230438, ""sd_population"": 0.006284721660515405}","{""1"": 0, ""2"": 0, ""4"": 0, ""8"": 0, ""16"": 0}","{""1"": 0, ""2"": 0, ""4"": 0, ""8"": 0, ""16"": 0}"
fx10,R3,GNDVI_800_550,1916,1916,1916,1916,100.0,"{""n"": 1916, ""min"": 0.03676086291670799, ""p05"": 0.3340728208422661, ""p10"": 0.38361066579818726, ""p25"": 0.42376770824193954, ""median"": 0.46011197566986084, ""p75"": 0.4853397235274315, ""p90"": 0.5044342279434204, ""p95"": 0.5133412778377533, ""max"": 0.6019586324691772, ""mean"": 0.44569465810810227, ""sd_population"": 0.06856969485255945}","{""n"": 1916, ""min"": -0.05027411878108978, ""p05"": 0.0973096527159214, ""p10"": 0.147449791431427, ""p25"": 0.23194629326462746, ""median"": 0.2800847291946411, ""p75"": 0.31708743423223495, ""p90"": 0.33904916048049927, ""p95"": 0.3455788418650627, ""max"": 0.4115678369998932, ""mean"": 0.26107346926709357, ""sd_population"": 0.0781690528068844}","{""n"": 1916, ""min"": 0.0666890162974596, ""p05"": 0.10877636820077896, ""p10"": 0.11718979477882385, ""p25"": 0.1425737515091896, ""median"": 0.18855684250593185, ""p75"": 0.22167691588401794, ""p90"": 0.247785322368145, ""p95"": 0.26287412643432617, ""max"": 0.3289335793815553, ""mean"": 0.18462118884100867, ""sd_population"": 0.04910512225381464}","{""n"": 1916, ""min"": 0.0666890162974596, ""p05"": 0.10877636820077896, ""p10"": 0.11718979477882385, ""p25"": 0.1425737515091896, ""median"": 0.18855684250593185, ""p75"": 0.22167691588401794, ""p90"": 0.247785322368145, ""p95"": 0.26287412643432617, ""max"": 0.3289335793815553, ""mean"": 0.18462118884100867, ""sd_population"": 0.04910512225381464}","{""1"": 0, ""2"": 0, ""4"": 0, ""8"": 0, ""16"": 0}","{""1"": 0, ""2"": 0, ""4"": 0, ""8"": 0, ""16"": 0}"
fx10,R3,PRI_531_570,1916,1916,1916,1916,100.0,"{""n"": 1916, ""min"": -0.011862327344715595, ""p05"": 0.018604625947773457, ""p10"": 0.02519531548023224, ""p25"": 0.032936143688857555, ""median"": 0.04320841282606125, ""p75"": 0.05439960025250912, ""p90"": 0.0662226565182209, ""p95"": 0.0748602394014597, ""max"": 0.11622247844934464, ""mean"": 0.04438869403332515, ""sd_population"": 0.016825637438583944}","{""n"": 1916, ""min"": 0.03543168306350708, ""p05"": 0.059834860265254974, ""p10"": 0.06680240854620934, ""p25"": 0.07958964817225933, ""median"": 0.09626946598291397, ""p75"": 0.1084351371973753, ""p90"": 0.11755044013261795, ""p95"": 0.12456336989998817, ""max"": 0.14159244298934937, ""mean"": 0.09402159531843812, ""sd_population"": 0.01954495372584073}","{""n"": 1916, ""min"": -0.09698246978223324, ""p05"": -0.06879543513059616, ""p10"": -0.06417693942785263, ""p25"": -0.057214122265577316, ""median"": -0.04942513257265091, ""p75"": -0.041119787842035294, ""p90"": -0.034602963365614414, ""p95"": -0.03179486468434334, ""max"": -0.021065980195999146, ""mean"": -0.04963290128511297, ""sd_population"": 0.011356687636548192}","{""n"": 1916, ""min"": 0.021065980195999146, ""p05"": 0.03179486468434334, ""p10"": 0.034602963365614414, ""p25"": 0.041119787842035294, ""median"": 0.04942513257265091, ""p75"": 0.057214122265577316, ""p90"": 0.06417693942785263, ""p95"": 0.06879543513059616, ""max"": 0.09698246978223324, ""mean"": 0.04963290128511297, ""sd_population"": 0.011356687636548192}","{""1"": 0, ""2"": 0, ""4"": 0, ""8"": 0, ""16"": 0}","{""1"": 0, ""2"": 0, ""4"": 0, ""8"": 0, ""16"": 0}"
fx10,R3,PSRI_678_500_750,1916,1916,1916,1916,100.0,"{""n"": 1916, ""min"": -0.29440781474113464, ""p05"": -0.20007208362221718, ""p10"": -0.17524483054876328, ""p25"": -0.1380765698850155, ""median"": -0.11769605055451393, ""p75"": -0.09938627108931541, ""p90"": -0.08418897911906242, ""p95"": -0.07121069170534611, ""max"": 0.013787945732474327, ""mean"": -0.1224556572642712, ""sd_population"": 0.0394653946156614}","{""n"": 1916, ""min"": -0.9761278629302979, ""p05"": -0.6359148025512695, ""p10"": -0.5847081243991852, ""p25"": -0.4592091217637062, ""median"": -0.39617887139320374, ""p75"": -0.30612340569496155, ""p90"": -0.2566615492105484, ""p95"": -0.2376379482448101, ""max"": -0.1400064378976822, ""mean"": -0.4021008211831584, ""sd_population"": 0.12273876446446168}","{""n"": 1916, ""min"": 0.12504220195114613, ""p05"": 0.15638048853725195, ""p10"": 0.16735489666461945, ""p25"": 0.20640531927347183, ""median"": 0.27481482923030853, ""p75"": 0.33068812265992165, ""p90"": 0.40413790941238403, ""p95"": 0.44184768572449684, ""max"": 0.6970559060573578, ""mean"": 0.27964516391888716, ""sd_population"": 0.08928573118313084}","{""n"": 1916, ""min"": 0.12504220195114613, ""p05"": 0.15638048853725195, ""p10"": 0.16735489666461945, ""p25"": 0.20640531927347183, ""median"": 0.27481482923030853, ""p75"": 0.33068812265992165, ""p90"": 0.40413790941238403, ""p95"": 0.44184768572449684, ""max"": 0.6970559060573578, ""mean"": 0.27964516391888716, ""sd_population"": 0.08928573118313084}","{""1"": 0, ""2"": 0, ""4"": 0, ""8"": 0, ""16"": 0}","{""1"": 0, ""2"": 0, ""4"": 0, ""8"": 0, ""16"": 0}"
fx10,R3,SIPI_800_445_680,1916,1916,1916,1916,100.0,"{""n"": 1916, ""min"": -0.43294966220855713, ""p05"": 0.4254234582185745, ""p10"": 0.5071832537651062, ""p25"": 0.632412001490593, ""median"": 0.7039243876934052, ""p75"": 0.7646584212779999, ""p90"": 0.8134746253490448, ""p95"": 0.8319049030542374, ""max"": 1.0195472240447998, ""mean"": 0.6776479084233292, ""sd_population"": 0.1406741649222876}","{""n"": 1916, ""min"": -8.812273025512695, ""p05"": -0.9291312545537949, ""p10"": -0.6079490780830383, ""p25"": -0.165654968470335, ""median"": 0.0615101158618927, ""p75"": 0.28869493305683136, ""p90"": 0.4086335748434067, ""p95"": 0.43613798916339874, ""max"": 0.5134471654891968, ""mean"": -0.0729099742368101, ""sd_population"": 0.7043498988459675}","{""n"": 1916, ""min"": 0.33589857816696167, ""p05"": 0.38386695086956024, ""p10"": 0.40099143981933594, ""p25"": 0.46921924501657486, ""median"": 0.6363898366689682, ""p75"": 0.8102303817868233, ""p90"": 1.1226425170898438, ""p95"": 1.3711248822510242, ""max"": 8.965315401554108, ""mean"": 0.7505578826601393, ""sd_population"": 0.6102180162796895}","{""n"": 1916, ""min"": 0.33589857816696167, ""p05"": 0.38386695086956024, ""p10"": 0.40099143981933594, ""p25"": 0.46921924501657486, ""median"": 0.6363898366689682, ""p75"": 0.8102303817868233, ""p90"": 1.1226425170898438, ""p95"": 1.3711248822510242, ""max"": 8.965315401554108, ""mean"": 0.7505578826601393, ""sd_population"": 0.6102180162796895}","{""1"": 0, ""2"": 0, ""4"": 0, ""8"": 0, ""16"": 0}","{""1"": 0, ""2"": 0, ""4"": 0, ""8"": 0, ""16"": 0}"
fx10,R4,NDVI_800_680,792,566,566,566,71.46464646464646,"{""n"": 566, ""min"": 0.37830886244773865, ""p05"": 0.5379269272089005, ""p10"": 0.5764965116977692, ""p25"": 0.6197834610939026, ""median"": 0.6579899489879608, ""p75"": 0.6767493337392807, ""p90"": 0.6919222772121429, ""p95"": 0.7138264924287796, ""max"": 0.8050903081893921, ""mean"": 0.6435791871678281, ""sd_population"": 0.05976176577115816}","{""n"": 566, ""min"": 0.335254967212677, ""p05"": 0.45778340101242065, ""p10"": 0.484997421503067, ""p25"": 0.5117915719747543, ""median"": 0.5363982915878296, ""p75"": 0.5538239479064941, ""p90"": 0.5786604583263397, ""p95"": 0.5953774452209473, ""max"": 0.672989547252655, ""mean"": 0.5329046932315658, ""sd_population"": 0.046323707728182735}","{""n"": 566, ""min"": 0.043053895235061646, ""p05"": 0.06989110261201859, ""p10"": 0.07649128139019012, ""p25"": 0.0909997969865799, ""median"": 0.1172570288181305, ""p75"": 0.12894529104232788, ""p90"": 0.13560780882835388, ""p95"": 0.14014996588230133, ""max"": 0.1982831358909607, ""mean"": 0.11067449393626237, ""sd_population"": 0.025097247486222746}","{""n"": 566, ""min"": 0.043053895235061646, ""p05"": 0.06989110261201859, ""p10"": 0.07649128139019012, ""p25"": 0.0909997969865799, ""median"": 0.1172570288181305, ""p75"": 0.12894529104232788, ""p90"": 0.13560780882835388, ""p95"": 0.14014996588230133, ""max"": 0.1982831358909607, ""mean"": 0.11067449393626237, ""sd_population"": 0.025097247486222746}","{""1"": 226, ""2"": 0, ""4"": 226, ""8"": 0, ""16"": 226}","{""1"": 226, ""2"": 0, ""4"": 226, ""8"": 0, ""16"": 226}"
fx10,R4,NDRE_790_720,792,525,525,525,66.28787878787878,"{""n"": 525, ""min"": 0.08342286199331284, ""p05"": 0.14202939569950104, ""p10"": 0.15512097477912903, ""p25"": 0.1699935495853424, ""median"": 0.20467780530452728, ""p75"": 0.234948068857193, ""p90"": 0.2709794342517853, ""p95"": 0.2972338378429413, ""max"": 0.3880769908428192, ""mean"": 0.20751036414078303, ""sd_population"": 0.04995439061165766}","{""n"": 525, ""min"": 0.0730055496096611, ""p05"": 0.12459027767181396, ""p10"": 0.13601468801498412, ""p25"": 0.15025149285793304, ""median"": 0.17969205975532532, ""p75"": 0.2088262289762497, ""p90"": 0.23864088356494903, ""p95"": 0.26722633838653564, ""max"": 0.34227266907691956, ""mean"": 0.18372553273325876, ""sd_population"": 0.0454738028084747}","{""n"": 525, ""min"": 0.010417312383651733, ""p05"": 0.015616965293884278, ""p10"": 0.016784897446632384, ""p25"": 0.019715070724487305, ""median"": 0.02309805154800415, ""p75"": 0.026829823851585388, ""p90"": 0.030104553699493407, ""p95"": 0.034772992134094204, ""max"": 0.051457881927490234, ""mean"": 0.02378483140752429, ""sd_population"": 0.006206906810276439}","{""n"": 525, ""min"": 0.010417312383651733, ""p05"": 0.015616965293884278, ""p10"": 0.016784897446632384, ""p25"": 0.019715070724487305, ""median"": 0.02309805154800415, ""p75"": 0.026829823851585388, ""p90"": 0.030104553699493407, ""p95"": 0.034772992134094204, ""max"": 0.051457881927490234, ""mean"": 0.02378483140752429, ""sd_population"": 0.006206906810276439}","{""1"": 267, ""2"": 0, ""4"": 267, ""8"": 0, ""16"": 267}","{""1"": 267, ""2"": 0, ""4"": 267, ""8"": 0, ""16"": 267}"
fx10,R4,GNDVI_800_550,792,566,566,566,71.46464646464646,"{""n"": 566, ""min"": 0.3289792835712433, ""p05"": 0.4146437793970108, ""p10"": 0.42793796956539154, ""p25"": 0.4453353136777878, ""median"": 0.4717164635658264, ""p75"": 0.49604714661836624, ""p90"": 0.5326385796070099, ""p95"": 0.5525095164775848, ""max"": 0.6794116497039795, ""mean"": 0.476192366476615, ""sd_population"": 0.04823112564649037}","{""n"": 566, ""min"": 0.1870785802602768, ""p05"": 0.2371240071952343, ""p10"": 0.25199779868125916, ""p25"": 0.27000807970762253, ""median"": 0.29769325256347656, ""p75"": 0.33301226049661636, ""p90"": 0.38673318922519684, ""p95"": 0.4038775861263275, ""max"": 0.470634400844574, ""mean"": 0.3072252294884554, ""sd_population"": 0.05186973587016955}","{""n"": 566, ""min"": 0.09070467948913574, ""p05"": 0.11460917443037033, ""p10"": 0.12293833494186401, ""p25"": 0.14161556959152222, ""median"": 0.1759803518652916, ""p75"": 0.1923561841249466, ""p90"": 0.1999521553516388, ""p95"": 0.2108938731253147, ""max"": 0.31273502111434937, ""mean"": 0.16896713698815963, ""sd_population"": 0.034226223196527426}","{""n"": 566, ""min"": 0.09070467948913574, ""p05"": 0.11460917443037033, ""p10"": 0.12293833494186401, ""p25"": 0.14161556959152222, ""median"": 0.1759803518652916, ""p75"": 0.1923561841249466, ""p90"": 0.1999521553516388, ""p95"": 0.2108938731253147, ""max"": 0.31273502111434937, ""mean"": 0.16896713698815963, ""sd_population"": 0.034226223196527426}","{""1"": 226, ""2"": 0, ""4"": 226, ""8"": 0, ""16"": 226}","{""1"": 226, ""2"": 0, ""4"": 226, ""8"": 0, ""16"": 226}"
fx10,R4,PRI_531_570,792,792,792,792,100.0,"{""n"": 792, ""min"": -0.0045585329644382, ""p05"": 0.024389381613582374, ""p10"": 0.029613910242915154, ""p25"": 0.03635669685900211, ""median"": 0.04505613259971142, ""p75"": 0.05418585520237684, ""p90"": 0.06196181699633598, ""p95"": 0.06707032173871992, ""max"": 0.10330889374017715, ""mean"": 0.045524062763727884, ""sd_population"": 0.014185539695627067}","{""n"": 792, ""min"": 0.03637142479419708, ""p05"": 0.0600163159891963, ""p10"": 0.06544370874762535, ""p25"": 0.0731377936899662, ""median"": 0.08522592484951019, ""p75"": 0.09995445981621742, ""p90"": 0.1061391718685627, ""p95"": 0.11089568845927715, ""max"": 0.14333803951740265, ""mean"": 0.08629304827237973, ""sd_population"": 0.017280884163893895}","{""n"": 792, ""min"": -0.0680549293756485, ""p05"": -0.0546191954985261, ""p10"": -0.052093638107180595, ""p25"": -0.04715707618743181, ""median"": -0.040324341505765915, ""p75"": -0.03382530063390732, ""p90"": -0.029647037386894226, ""p95"": -0.027739423513412475, ""max"": -0.022622697055339813, ""mean"": -0.04076898550865184, ""sd_population"": 0.008588856188433282}","{""n"": 792, ""min"": 0.022622697055339813, ""p05"": 0.027739423513412475, ""p10"": 0.029647037386894226, ""p25"": 0.03382530063390732, ""median"": 0.040324341505765915, ""p75"": 0.04715707618743181, ""p90"": 0.052093638107180595, ""p95"": 0.0546191954985261, ""max"": 0.0680549293756485, ""mean"": 0.04076898550865184, ""sd_population"": 0.008588856188433282}","{""1"": 0, ""2"": 0, ""4"": 0, ""8"": 0, ""16"": 0}","{""1"": 0, ""2"": 0, ""4"": 0, ""8"": 0, ""16"": 0}"
fx10,R4,PSRI_678_500_750,792,559,559,559,70.58080808080808,"{""n"": 559, ""min"": -0.18970414996147156, ""p05"": -0.15316905528306962, ""p10"": -0.14878231287002563, ""p25"": -0.13677476346492767, ""median"": -0.1202172040939331, ""p75"": -0.10228895395994186, ""p90"": -0.08723763078451158, ""p95"": -0.07174222320318219, ""max"": 0.017977219074964523, ""mean"": -0.11663194902887658, ""sd_population"": 0.02941106575012767}","{""n"": 559, ""min"": -0.6103911399841309, ""p05"": -0.4487994104623795, ""p10"": -0.4314277768135071, ""p25"": -0.4070766866207123, ""median"": -0.3630276024341583, ""p75"": -0.28777915239334106, ""p90"": -0.24515986144542695, ""p95"": -0.2280285432934761, ""max"": -0.11297542601823807, ""mean"": -0.3495217268630089, ""sd_population"": 0.07964908027803647}","{""n"": 559, ""min"": 0.12911882996559143, ""p05"": 0.14818894863128662, ""p10"": 0.15574254840612411, ""p25"": 0.18591302633285522, ""median"": 0.24303406476974487, ""p75"": 0.273236945271492, ""p90"": 0.28885916620492935, ""p95"": 0.30220677703619003, ""max"": 0.4403368979692459, ""mean"": 0.23288977783413234, ""sd_population"": 0.05525160752878526}","{""n"": 559, ""min"": 0.12911882996559143, ""p05"": 0.14818894863128662, ""p10"": 0.15574254840612411, ""p25"": 0.18591302633285522, ""median"": 0.24303406476974487, ""p75"": 0.273236945271492, ""p90"": 0.28885916620492935, ""p95"": 0.30220677703619003, ""max"": 0.4403368979692459, ""mean"": 0.23288977783413234, ""sd_population"": 0.05525160752878526}","{""1"": 233, ""2"": 0, ""4"": 233, ""8"": 0, ""16"": 233}","{""1"": 233, ""2"": 0, ""4"": 233, ""8"": 0, ""16"": 233}"
fx10,R4,SIPI_800_445_680,792,566,566,566,71.46464646464646,"{""n"": 566, ""min"": 0.42625167965888977, ""p05"": 0.5626313239336014, ""p10"": 0.5846371650695801, ""p25"": 0.6193494498729706, ""median"": 0.6630127131938934, ""p75"": 0.7302402704954147, ""p90"": 0.7816635072231293, ""p95"": 0.81332728266716, ""max"": 1.0224027633666992, ""mean"": 0.6772097479222942, ""sd_population"": 0.08183356616723918}","{""n"": 566, ""min"": -0.5358256101608276, ""p05"": -0.13584251701831818, ""p10"": -0.0759364403784275, ""p25"": -0.00012967454495083075, ""median"": 0.12488305568695068, ""p75"": 0.3206394389271736, ""p90"": 0.4409746676683426, ""p95"": 0.4593661054968834, ""max"": 0.591009795665741, ""mean"": 0.14992710512524354, ""sd_population"": 0.2037382336140374}","{""n"": 566, ""min"": 0.2832772135734558, ""p05"": 0.32463954389095306, ""p10"": 0.34435853362083435, ""p25"": 0.3993203043937683, ""median"": 0.5371870882809162, ""p75"": 0.6277946783229709, ""p90"": 0.6763693131506443, ""p95"": 0.7267602500505745, ""max"": 1.0413903892040253, ""mean"": 0.5272826427970506, ""sd_population"": 0.13609750105531848}","{""n"": 566, ""min"": 0.2832772135734558, ""p05"": 0.32463954389095306, ""p10"": 0.34435853362083435, ""p25"": 0.3993203043937683, ""median"": 0.5371870882809162, ""p75"": 0.6277946783229709, ""p90"": 0.6763693131506443, ""p95"": 0.7267602500505745, ""max"": 1.0413903892040253, ""mean"": 0.5272826427970506, ""sd_population"": 0.13609750105531848}","{""1"": 226, ""2"": 0, ""4"": 226, ""8"": 0, ""16"": 226}","{""1"": 226, ""2"": 0, ""4"": 226, ""8"": 0, ""16"": 226}"
fx10,R5,NDVI_800_680,3538,2334,2334,2334,65.96947427925382,"{""n"": 2334, ""min"": 0.08011779934167862, ""p05"": 0.12472397051751614, ""p10"": 0.1435685932636261, ""p25"": 0.32478125393390656, ""median"": 0.7248384952545166, ""p75"": 0.7581374645233154, ""p90"": 0.7755985975265504, ""p95"": 0.7854076534509659, ""max"": 0.8164161443710327, ""mean"": 0.5757315678980071, ""sd_population"": 0.2518390240186292}","{""n"": 2334, ""min"": 0.07444458454847336, ""p05"": 0.11490993537008762, ""p10"": 0.13102702647447587, ""p25"": 0.2893185168504715, ""median"": 0.616230845451355, ""p75"": 0.6442457586526871, ""p90"": 0.6620027124881744, ""p95"": 0.6705440670251847, ""max"": 0.6955736875534058, ""mean"": 0.4918348598162282, ""sd_population"": 0.2097844038906174}","{""n"": 2334, ""min"": 0.005558028817176819, ""p05"": 0.009827559813857079, ""p10"": 0.012252243608236313, ""p25"": 0.03480011969804764, ""median"": 0.10499173402786255, ""p75"": 0.11500424146652222, ""p90"": 0.1221415400505066, ""p95"": 0.1276746243238449, ""max"": 0.17022037506103516, ""mean"": 0.08389670808177885, ""sd_population"": 0.043373198812281355}","{""n"": 2334, ""min"": 0.005558028817176819, ""p05"": 0.009827559813857079, ""p10"": 0.012252243608236313, ""p25"": 0.03480011969804764, ""median"": 0.10499173402786255, ""p75"": 0.11500424146652222, ""p90"": 0.1221415400505066, ""p95"": 0.1276746243238449, ""max"": 0.17022037506103516, ""mean"": 0.08389670808177885, ""sd_population"": 0.043373198812281355}","{""1"": 1204, ""2"": 0, ""4"": 1204, ""8"": 0, ""16"": 1204}","{""1"": 1204, ""2"": 0, ""4"": 1204, ""8"": 0, ""16"": 1204}"
fx10,R5,NDRE_790_720,3538,2247,2247,2247,63.51045788581119,"{""n"": 2247, ""min"": 0.00406742375344038, ""p05"": 0.022358934581279754, ""p10"": 0.02569667361676693, ""p25"": 0.0379219725728035, ""median"": 0.15829609334468842, ""p75"": 0.18006765097379684, ""p90"": 0.19564535617828369, ""p95"": 0.202345272898674, ""max"": 0.24021796882152557, ""mean"": 0.12616873832882067, ""sd_population"": 0.06889931645678113}","{""n"": 2247, ""min"": 0.004398179706186056, ""p05"": 0.020942667871713637, ""p10"": 0.024092769995331765, ""p25"": 0.0350415650755167, ""median"": 0.14475010335445404, ""p75"": 0.16366005688905716, ""p90"": 0.17689643204212188, ""p95"": 0.18315428793430327, ""max"": 0.21277585625648499, ""mean"": 0.11487858023550021, ""sd_population"": 0.06212190826272394}","{""n"": 2247, ""min"": -0.00033075595274567604, ""p05"": 0.0013562101870775224, ""p10"": 0.001625353842973709, ""p25"": 0.0028063058853149414, ""median"": 0.013300091028213501, ""p75"": 0.016344085335731506, ""p90"": 0.01839275360107422, ""p95"": 0.02033738493919372, ""max"": 0.03337135910987854, ""mean"": 0.011290158093320459, ""sd_population"": 0.007061406766771836}","{""n"": 2247, ""min"": 0.00011520320549607277, ""p05"": 0.0013562101870775224, ""p10"": 0.001625353842973709, ""p25"": 0.0028063058853149414, ""median"": 0.013300091028213501, ""p75"": 0.016344085335731506, ""p90"": 0.01839275360107422, ""p95"": 0.02033738493919372, ""max"": 0.03337135910987854, ""mean"": 0.011290555030710973, ""sd_population"": 0.007060772082178244}","{""1"": 1291, ""2"": 0, ""4"": 1291, ""8"": 0, ""16"": 1291}","{""1"": 1291, ""2"": 0, ""4"": 1291, ""8"": 0, ""16"": 1291}"
fx10,R5,GNDVI_800_550,3538,2334,2334,2334,65.96947427925382,"{""n"": 2334, ""min"": 0.2886192500591278, ""p05"": 0.3833393082022667, ""p10"": 0.4034256815910339, ""p25"": 0.4324934631586075, ""median"": 0.46488620340824127, ""p75"": 0.4907574951648712, ""p90"": 0.5109233081340789, ""p95"": 0.5225765168666839, ""max"": 0.5508896708488464, ""mean"": 0.459868748037858, ""sd_population"": 0.04288512742294933}","{""n"": 2334, ""min"": 0.1894746720790863, ""p05"": 0.2744463592767715, ""p10"": 0.2929352968931198, ""p25"": 0.3177269846200943, ""median"": 0.3377280831336975, ""p75"": 0.3556418716907501, ""p90"": 0.37002121508121494, ""p95"": 0.37994604408740995, ""max"": 0.4104252755641937, ""mean"": 0.33437792194533167, ""sd_population"": 0.031679184045439304}","{""n"": 2334, ""min"": 0.05310441553592682, ""p05"": 0.08958106338977814, ""p10"": 0.09683727324008942, ""p25"": 0.10855355113744736, ""median"": 0.1233307421207428, ""p75"": 0.14078646898269653, ""p90"": 0.15364601016044618, ""p95"": 0.16398580819368358, ""max"": 0.24512508511543274, ""mean"": 0.12549082609252635, ""sd_population"": 0.024749546755948752}","{""n"": 2334, ""min"": 0.05310441553592682, ""p05"": 0.08958106338977814, ""p10"": 0.09683727324008942, ""p25"": 0.10855355113744736, ""median"": 0.1233307421207428, ""p75"": 0.14078646898269653, ""p90"": 0.15364601016044618, ""p95"": 0.16398580819368358, ""max"": 0.24512508511543274, ""mean"": 0.12549082609252635, ""sd_population"": 0.024749546755948752}","{""1"": 1204, ""2"": 0, ""4"": 1204, ""8"": 0, ""16"": 1204}","{""1"": 1204, ""2"": 0, ""4"": 1204, ""8"": 0, ""16"": 1204}"
fx10,R5,PRI_531_570,3538,2845,2845,2845,80.41266252119841,"{""n"": 2845, ""min"": -0.0699477568268776, ""p05"": -0.04944280087947845, ""p10"": -0.04227491617202759, ""p25"": -0.02444824017584324, ""median"": 0.04594415798783302, ""p75"": 0.059541262686252594, ""p90"": 0.0697176456451416, ""p95"": 0.0749495267868042, ""max"": 0.11300482600927353, ""mean"": 0.023531524599572768, ""sd_population"": 0.04487325541069256}","{""n"": 2845, ""min"": -0.016907379031181335, ""p05"": 0.0007402005256153685, ""p10"": 0.007694323360919953, ""p25"": 0.02478340081870556, ""median"": 0.0752277597784996, ""p75"": 0.09095066040754318, ""p90"": 0.10043972581624985, ""p95"": 0.10711982548236845, ""max"": 0.14985224604606628, ""mean"": 0.061573471973898404, ""sd_population"": 0.03651396827123752}","{""n"": 2845, ""min"": -0.09299146942794323, ""p05"": -0.05953996628522873, ""p10"": -0.05531887523829937, ""p25"": -0.0481580700725317, ""median"": -0.03454286605119705, ""p75"": -0.028454244136810303, ""p90"": -0.024315987527370454, ""p95"": -0.022432558983564388, ""max"": -0.012978993356227875, ""mean"": -0.03804194737432563, ""sd_population"": 0.01226285146446954}","{""n"": 2845, ""min"": 0.012978993356227875, ""p05"": 0.022432558983564378, ""p10"": 0.024315987527370454, ""p25"": 0.028454244136810303, ""median"": 0.03454286605119705, ""p75"": 0.0481580700725317, ""p90"": 0.05531887523829937, ""p95"": 0.05953996628522873, ""max"": 0.09299146942794323, ""mean"": 0.03804194737432563, ""sd_population"": 0.01226285146446954}","{""1"": 693, ""2"": 0, ""4"": 693, ""8"": 0, ""16"": 693}","{""1"": 693, ""2"": 0, ""4"": 693, ""8"": 0, ""16"": 693}"
fx10,R5,PSRI_678_500_750,3538,2114,2114,2114,59.75127190503109,"{""n"": 2114, ""min"": -0.20584024488925934, ""p05"": -0.1572355732321739, ""p10"": -0.14710249304771422, ""p25"": -0.1335681974887848, ""median"": -0.11993017792701721, ""p75"": 0.0861974898725748, ""p90"": 0.40217024683952335, ""p95"": 0.4396093904972076, ""max"": 0.5238147974014282, ""mean"": -0.005754824333591607, ""sd_population"": 0.21201560813185868}","{""n"": 2114, ""min"": -0.502787709236145, ""p05"": -0.3615522861480713, ""p10"": -0.34344665706157684, ""p25"": -0.3205723464488983, ""median"": -0.2957674264907837, ""p75"": -0.08861763961613178, ""p90"": 0.2058164581656457, ""p95"": 0.24449726194143293, ""max"": 0.3272045850753784, ""mean"": -0.19472827849701613, ""sd_population"": 0.20990250573374492}","{""n"": 2114, ""min"": 0.1341191940009594, ""p05"": 0.15633870512247086, ""p10"": 0.1621168866753578, ""p25"": 0.17185289785265923, ""median"": 0.1853212434798479, ""p75"": 0.20025248266756535, ""p90"": 0.21616622284054757, ""p95"": 0.2358726434409618, ""max"": 0.3331153690814972, ""mean"": 0.18897345416342454, ""sd_population"": 0.026397720185143386}","{""n"": 2114, ""min"": 0.1341191940009594, ""p05"": 0.15633870512247086, ""p10"": 0.1621168866753578, ""p25"": 0.17185289785265923, ""median"": 0.1853212434798479, ""p75"": 0.20025248266756535, ""p90"": 0.21616622284054757, ""p95"": 0.2358726434409618, ""max"": 0.3331153690814972, ""mean"": 0.18897345416342454, ""sd_population"": 0.026397720185143386}","{""1"": 1424, ""2"": 0, ""4"": 1424, ""8"": 0, ""16"": 1424}","{""1"": 1424, ""2"": 0, ""4"": 1424, ""8"": 0, ""16"": 1424}"
fx10,R5,SIPI_800_445_680,3538,2334,2334,2334,65.96947427925382,"{""n"": 2334, ""min"": 0.4773913025856018, ""p05"": 0.6233873933553695, ""p10"": 0.6462411642074585, ""p25"": 0.6816158890724182, ""median"": 0.7200284898281097, ""p75"": 1.1384234428405762, ""p90"": 2.2143800735473635, ""p95"": 2.539333319664001, ""max"": 3.55106782913208, ""mean"": 1.0525297123392934, ""sd_population"": 0.6543988288669728}","{""n"": 2334, ""min"": -0.21550898253917694, ""p05"": 0.19358153417706492, ""p10"": 0.2540184736251831, ""p25"": 0.32403286546468735, ""median"": 0.39029815793037415, ""p75"": 0.6374222040176392, ""p90"": 1.2808316588401796, ""p95"": 1.518279105424881, ""max"": 2.149245023727417, ""mean"": 0.5531520230053975, ""sd_population"": 0.4201737475172751}","{""n"": 2334, ""min"": 0.2656126916408539, ""p05"": 0.3026172861456871, ""p10"": 0.3106046736240387, ""p25"": 0.3318733870983124, ""median"": 0.37325067818164825, ""p75"": 0.5539398938417435, ""p90"": 0.9623141825199127, ""p95"": 1.0712063372135163, ""max"": 1.5609666109085083, ""mean"": 0.4993776893338959, ""sd_population"": 0.25955094635903336}","{""n"": 2334, ""min"": 0.2656126916408539, ""p05"": 0.3026172861456871, ""p10"": 0.3106046736240387, ""p25"": 0.3318733870983124, ""median"": 0.37325067818164825, ""p75"": 0.5539398938417435, ""p90"": 0.9623141825199127, ""p95"": 1.0712063372135163, ""max"": 1.5609666109085083, ""mean"": 0.4993776893338959, ""sd_population"": 0.25955094635903336}","{""1"": 1204, ""2"": 0, ""4"": 1204, ""8"": 0, ""16"": 1204}","{""1"": 1204, ""2"": 0, ""4"": 1204, ""8"": 0, ""16"": 1204}"
