annotation_id,specimen_id,source_frame,source_polygon_xy,correspondence_status,matching_scope,evidence,review_pool_point_count,indices_npz_key,pool_scope,physical_reference_match_accepted_for_validation,length_conditional_m,width_conditional_m,numerical_exclusion_reason,provisional_straight_chord_conditional_m
P1.O01,P1,459309,"[[453, 427], [500, 427], [510, 554], [482, 555]]",unresolved,Annotated overview to raw D405 scene; ruler-folder correspondence remains the prior review candidate and is not independently approved.,Dry lower blades overlap; the source overview blade attachment cannot be traced uniquely.,2381,P1_O01_interior_review_fused_indices,Visible existing cleaned points in source interior region; not full blade segmentation. P4 broad regions unresolved and nonexclusive.,False,,,Organ identity unresolved or tentative; no nearest-shape or dimension-based assignment.,
P1.O02,P1,459309,"[[332, 413], [414, 376], [426, 386], [349, 423]]",candidate_medium,Annotated overview to raw D405 scene; ruler-folder correspondence remains the prior review candidate and is not independently approved.,"Green blade near the middle stem node is plausible, but attachment and dry terminal part are superposed.",825,P1_O02_interior_review_fused_indices,Visible existing cleaned points in source interior region; not full blade segmentation. P4 broad regions unresolved and nonexclusive.,False,,,Organ identity unresolved or tentative; no nearest-shape or dimension-based assignment.,
P1.O03,P1,459309,"[[145, 376], [238, 398], [240, 405], [152, 384]]",source_identity_supported_high,Annotated overview to raw D405 scene; ruler-folder correspondence remains the prior review candidate and is not independently approved.,Upper narrow green blade attaches beside the sole cereal ear; relative attachment and pointed form match the overview.,693,P1_O03_interior_review_fused_indices,Visible existing cleaned points in source interior region; not full blade segmentation. P4 broad regions unresolved and nonexclusive.,False,,,"The true fine dry tip has zero supported cleaned points inside a 4px source disk at frame143152 [983,354]. The measured 5.643 cm chord ends inside the blade and is only partial observed extent.",
P1.O04,P1,459309,"[[151, 462], [178, 433], [229, 405], [236, 414], [200, 449], [161, 474]]",source_identity_supported_high,Annotated overview to raw D405 scene; ruler-folder correspondence remains the prior review candidate and is not independently approved.,The sole cereal ear is distinctive; ear body and awns remain different endpoint definitions.,238,P1_O04_interior_review_fused_indices,Visible existing cleaned points in source interior region; not full blade segmentation. P4 broad regions unresolved and nonexclusive.,False,,,"The distal ear-body endpoint has zero supported cleaned points in the 4px source disk at frame459309 [157,469]. No farther nearest point is substituted. Ear body and awns also need a shared boundary rule.",
P2.O01,P2,459309,"[[897, 595], [935, 602], [978, 648], [978, 673], [934, 654], [901, 633]]",candidate_medium,Annotated overview to raw D405 scene; ruler-folder correspondence remains the prior review candidate and is not independently approved.,Puckered blade beside the curled dry margin is plausible after reversing overview orientation; overlapping crown prevents a unique blade-base trace.,1193,P2_O01_interior_review_fused_indices,Visible existing cleaned points in source interior region; not full blade segmentation. P4 broad regions unresolved and nonexclusive.,False,,,Organ identity unresolved or tentative; no nearest-shape or dimension-based assignment.,
P2.O02,P2,459309,"[[913, 515], [947, 518], [952, 554], [931, 582], [903, 566]]",unresolved,Annotated overview to raw D405 scene; ruler-folder correspondence remains the prior review candidate and is not independently approved.,Several puckered leaves overlap at the node; the smaller source leaf cannot be isolated confidently.,375,P2_O02_interior_review_fused_indices,Visible existing cleaned points in source interior region; not full blade segmentation. P4 broad regions unresolved and nonexclusive.,False,,,Organ identity unresolved or tentative; no nearest-shape or dimension-based assignment.,
P3.O01,P3,824869,"[[627, 466], [671, 454], [701, 467], [712, 491], [694, 502], [647, 483]]",source_identity_supported_high,Annotated overview to raw D405 scene; ruler-folder correspondence remains the prior review candidate and is not independently approved.,Narrow lateral lobed blade at raw-image right matches overview left-middle leaf after 180-degree orientation reversal.,2221,P3_O01_interior_review_fused_indices,Visible existing cleaned points in source interior region; not full blade segmentation. P4 broad regions unresolved and nonexclusive.,False,,,The lateral blade attachment is crossed by neighbouring petiole/stalk tissue. Its complete basal boundary and lobed width section have not been frozen; the saved pool is interior tissue.,
P3.O02,P3,824869,"[[640, 390], [644, 350], [679, 329], [707, 333], [711, 365], [696, 402], [658, 419]]",source_identity_supported_high,Annotated overview to raw D405 scene; ruler-folder correspondence remains the prior review candidate and is not independently approved.,Deeply lobed leaf above dry brown patch with conspicuous basal hole matches overview lower-left leaf.,9063,P3_O02_interior_review_fused_indices,Visible existing cleaned points in source interior region; not full blade segmentation. P4 broad regions unresolved and nonexclusive.,False,,,Basal lobes and hole boundaries overlap a dry underlying blade; complete blade origin and the same ruler section are not frozen in 3D.,
P3.O03,P3,824869,"[[576, 411], [569, 384], [572, 353], [589, 332], [611, 351], [627, 379], [612, 403], [593, 418]]",source_identity_supported_high,Annotated overview to raw D405 scene; ruler-folder correspondence remains the prior review candidate and is not independently approved.,Central oval terminal blade with small basal lobes and serrated edge matches overview bottom-centre leaf; neighbouring petiole topology agrees.,3738,P3_O03_interior_review_fused_indices,Visible existing cleaned points in source interior region; not full blade segmentation. P4 broad regions unresolved and nonexclusive.,False,,,One provisional source-endpoint chord is available separately. The operator reference is not independently photo-readable and basal-lobe/petiole convention remains tentative.,0.07475255446013435
P3.O04,P3,824869,"[[499, 330], [532, 315], [552, 319], [548, 343], [544, 364], [522, 378], [500, 364]]",source_identity_supported_high,Annotated overview to raw D405 scene; ruler-folder correspondence remains the prior review candidate and is not independently approved.,Upper-left strongly lobed leaf with exposed petiole matches overview lower-right leaf after orientation reversal.,7183,P3_O04_interior_review_fused_indices,Visible existing cleaned points in source interior region; not full blade segmentation. P4 broad regions unresolved and nonexclusive.,False,,,The petiole-to-lobed-blade origin and complete lobe contour have not been frozen across source views. The interior pool omits terminal margins.,
P3.O05,P3,824869,"[[455, 460], [484, 445], [501, 448], [520, 461], [536, 485], [519, 511], [493, 508], [468, 486]]",source_identity_supported_high,Annotated overview to raw D405 scene; ruler-folder correspondence remains the prior review candidate and is not independently approved.,Lower-left broad lobed leaf matches overview upper-right leaf; outline and attachment side agree.,5126,P3_O05_interior_review_fused_indices,Visible existing cleaned points in source interior region; not full blade segmentation. P4 broad regions unresolved and nonexclusive.,False,,,The lobed blade attachment is next to a crossing stalk; a complete blade origin and photographed width-section edges are not yet isolated in 3D.,
P3.O06,P3,824869,"[[586, 520], [610, 519], [619, 540], [639, 563], [622, 582], [581, 571]]",candidate_medium,Annotated overview to raw D405 scene; ruler-folder correspondence remains the prior review candidate and is not independently approved.,"Lower-centre lobed leaf plausibly matches overview upper-centre leaf, but a crossing flowering stalk obscures its attachment.",3087,P3_O06_interior_review_fused_indices,Visible existing cleaned points in source interior region; not full blade segmentation. P4 broad regions unresolved and nonexclusive.,False,,,Organ identity unresolved or tentative; no nearest-shape or dimension-based assignment.,
P4.O01,P4,1003470,"[[615, 344], [757, 344], [757, 591], [615, 591]]",unresolved,Annotated overview to raw D405 scene; ruler-folder correspondence remains the prior review candidate and is not independently approved.,Overview arrows and similar pod-like organs are interleaved. Organ type and branch-to-organ correspondence remain unresolved; broad review region only.,23677,P4_O01_interior_review_fused_indices,Visible existing cleaned points in source interior region; not full blade segmentation. P4 broad regions unresolved and nonexclusive.,False,,,Organ identity unresolved or tentative; no nearest-shape or dimension-based assignment.,
P4.O02,P4,1003470,"[[615, 344], [757, 344], [757, 591], [615, 591]]",unresolved,Annotated overview to raw D405 scene; ruler-folder correspondence remains the prior review candidate and is not independently approved.,Similar narrow pod-like structures cannot be uniquely traced from held photo to branching scene.,23677,P4_O02_interior_review_fused_indices,Visible existing cleaned points in source interior region; not full blade segmentation. P4 broad regions unresolved and nonexclusive.,False,,,Organ identity unresolved or tentative; no nearest-shape or dimension-based assignment.,
P4.O03,P4,1003470,"[[615, 344], [757, 344], [757, 591], [615, 591]]",unresolved,Annotated overview to raw D405 scene; ruler-folder correspondence remains the prior review candidate and is not independently approved.,Similar narrow pod-like structures cannot be uniquely traced from held photo to branching scene.,23677,P4_O03_interior_review_fused_indices,Visible existing cleaned points in source interior region; not full blade segmentation. P4 broad regions unresolved and nonexclusive.,False,,,Organ identity unresolved or tentative; no nearest-shape or dimension-based assignment.,
P4.O04,P4,1003470,"[[615, 344], [757, 344], [757, 591], [615, 591]]",unresolved,Annotated overview to raw D405 scene; ruler-folder correspondence remains the prior review candidate and is not independently approved.,Similar narrow pod-like structures cannot be uniquely traced from held photo to branching scene.,23677,P4_O04_interior_review_fused_indices,Visible existing cleaned points in source interior region; not full blade segmentation. P4 broad regions unresolved and nonexclusive.,False,,,Organ identity unresolved or tentative; no nearest-shape or dimension-based assignment.,
P5.O01,P5,1445026,"[[486, 227], [517, 212], [561, 211], [573, 247], [561, 271], [572, 298], [552, 325], [520, 326], [477, 299], [476, 273]]",source_identity_supported_high,Annotated overview to raw D405 scene; ruler-folder correspondence remains the prior review candidate and is not independently approved.,Green lobed blade with pale/brown damaged upper margin matches overview left-side leaf after rotating row orientation.,14692,P5_O01_interior_review_fused_indices,Visible existing cleaned points in source interior region; not full blade segmentation. P4 broad regions unresolved and nonexclusive.,False,,,The blade has curled damaged/necrotic margins; the rule for including folded dry tissue and full basal boundary is not frozen. Source ruler length was not independently readable.,
P5.O02,P5,1445026,"[[537, 377], [558, 379], [585, 397], [589, 414], [573, 431], [545, 432], [532, 413]]",source_identity_supported_high,Annotated overview to raw D405 scene; ruler-folder correspondence remains the prior review candidate and is not independently approved.,Only small central green blade beside rust-brown leaf and radial fork matches overview small-central arrow.,4993,P5_O02_interior_review_fused_indices,Visible existing cleaned points in source interior region; not full blade segmentation. P4 broad regions unresolved and nonexclusive.,False,,,The small central blade base is adjacent to the crowded petiole fork; its exact lamina origin and obscured ruler endpoints are unresolved.,
P5.O03,P5,1445026,"[[600, 382], [629, 365], [660, 363], [679, 391], [695, 393], [709, 430], [692, 456], [661, 464], [655, 493], [627, 492], [611, 465], [604, 433]]",source_identity_supported_high,Annotated overview to raw D405 scene; ruler-folder correspondence remains the prior review candidate and is not independently approved.,Rust-brown deeply lobed blade with rolled pale right edge matches distinctive source top-centre damaged leaf and radial attachment.,17590,P5_O03_interior_review_fused_indices,Visible existing cleaned points in source interior region; not full blade segmentation. P4 broad regions unresolved and nonexclusive.,False,,,The rust-brown blade has rolled papery margins and lobes that change pose in the held ruler photo. Complete homologous tip/base and section edges are not frozen.,
P5.O04,P5,1445026,"[[533, 464], [570, 471], [591, 497], [590, 535], [569, 565], [546, 582], [518, 571], [498, 548], [496, 515], [508, 484]]",source_identity_supported_high,Annotated overview to raw D405 scene; ruler-folder correspondence remains the prior review candidate and is not independently approved.,Broad green terminal blade with shallow basal side lobes and reticulate veins matches overview right-side leaf and same petiole.,12993,P5_O04_interior_review_fused_indices,Visible existing cleaned points in source interior region; not full blade segmentation. P4 broad regions unresolved and nonexclusive.,False,,,"A 12.149 cm terminal-lamina chord is available, but the ruler includes basal lobes toward a lower zero. The raw terminal-lamina origin is not homologous to that ruler origin; no residual is computed.",
P5.O05,P5,1445026,"[[350, 386], [382, 369], [404, 345], [429, 347], [440, 373], [473, 372], [491, 397], [470, 414], [455, 447], [433, 438], [414, 415], [376, 431], [343, 438]]",source_identity_supported_high,Annotated overview to raw D405 scene; ruler-folder correspondence remains the prior review candidate and is not independently approved.,Left-facing green blade with elongated central lobe and basal side lobes matches overview bottom-left leaf and attachment.,6921,P5_O05_interior_review_fused_indices,Visible existing cleaned points in source interior region; not full blade segmentation. P4 broad regions unresolved and nonexclusive.,False,,,"The ruler length base-versus-petiole inclusion is unresolved, and the in-situ leaf is lobed/curved. The full homologous origin and photographed width section are not frozen.",
