path,bytes,sha256,category,applicability,relevant_line_numbers,evidence
data/main/test_plant_10-7/20260928/002-specim-fx10.hdr,3373,3cb228260d0e6a9a248ae2b5f3f3efb4d0dcbbf96d365cefb1603c993fc84bad,current_hsi_header,"Current run002 or003 storage/wavelength metadata; no per-line timestamps, encoder positions, lens model or extrinsics.",,"{""acquisition time"": ""2026-09-28T04:36:51Z"", ""bands"": ""224"", ""byte order"": ""0"", ""data type"": ""12"", ""description"": ""{ Experiment: Pietro3; Batch: 20260928; Run: 002. }"", ""file type"": ""ENVI Standard"", ""header offset"": ""0"", ""interleave"": ""bil"", ""lines"": ""2127"", ""samples"": ""1024"", ""wavelength units"": ""nm"", ""all_header_keys"": [""acquisition time"", ""bands"", ""byte order"", ""data type"", ""description"", ""file type"", ""fwhm"", ""header offset"", ""interleave"", ""lines"", ""samples"", ""wavelength"", ""wavelength units""], ""wavelength_and_fwhm_arrays_present"": true}"
data/main/test_plant_10-7/20260928/002-specim-fx17.hdr,3630,8a91fd8d677f92c2935a6d1e6dc92c0b49b8b84a29c80f93c41438c57d47ab77,current_hsi_header,"Current run002 or003 storage/wavelength metadata; no per-line timestamps, encoder positions, lens model or extrinsics.",,"{""acquisition time"": ""2026-09-28T04:36:51Z"", ""bands"": ""224"", ""byte order"": ""0"", ""data type"": ""12"", ""description"": ""{ Experiment: Pietro3; Batch: 20260928; Run: 002. }"", ""file type"": ""ENVI Standard"", ""header offset"": ""0"", ""interleave"": ""bil"", ""lines"": ""2127"", ""samples"": ""640"", ""wavelength units"": ""nm"", ""all_header_keys"": [""acquisition time"", ""bands"", ""byte order"", ""data type"", ""description"", ""file type"", ""fwhm"", ""header offset"", ""interleave"", ""lines"", ""samples"", ""wavelength"", ""wavelength units""], ""wavelength_and_fwhm_arrays_present"": true}"
data/main/test_plant_10-7/20260928/003-specim-fx10.hdr,3373,6aaf169bc24b22abfd7cf8aed1d22517f5a956a99cb58698ec50d258b2dd048a,current_hsi_header,"Current run002 or003 storage/wavelength metadata; no per-line timestamps, encoder positions, lens model or extrinsics.",,"{""acquisition time"": ""2026-09-28T06:19:41Z"", ""bands"": ""224"", ""byte order"": ""0"", ""data type"": ""12"", ""description"": ""{ Experiment: Pietro3; Batch: 20260928; Run: 003. }"", ""file type"": ""ENVI Standard"", ""header offset"": ""0"", ""interleave"": ""bil"", ""lines"": ""2127"", ""samples"": ""1024"", ""wavelength units"": ""nm"", ""all_header_keys"": [""acquisition time"", ""bands"", ""byte order"", ""data type"", ""description"", ""file type"", ""fwhm"", ""header offset"", ""interleave"", ""lines"", ""samples"", ""wavelength"", ""wavelength units""], ""wavelength_and_fwhm_arrays_present"": true}"
data/main/test_plant_10-7/20260928/003-specim-fx17.hdr,3630,762de08de4f6f2892aa0caf4dd69da81a4a283e4a83783a210d75664b3c64d4f,current_hsi_header,"Current run002 or003 storage/wavelength metadata; no per-line timestamps, encoder positions, lens model or extrinsics.",,"{""acquisition time"": ""2026-09-28T06:19:41Z"", ""bands"": ""224"", ""byte order"": ""0"", ""data type"": ""12"", ""description"": ""{ Experiment: Pietro3; Batch: 20260928; Run: 003. }"", ""file type"": ""ENVI Standard"", ""header offset"": ""0"", ""interleave"": ""bil"", ""lines"": ""2127"", ""samples"": ""640"", ""wavelength units"": ""nm"", ""all_header_keys"": [""acquisition time"", ""bands"", ""byte order"", ""data type"", ""description"", ""file type"", ""fwhm"", ""header offset"", ""interleave"", ""lines"", ""samples"", ""wavelength"", ""wavelength units""], ""wavelength_and_fwhm_arrays_present"": true}"
data/main/test_plant_10-7/order_of_scan,59,6d5e45c9d3a209383f158f10fbdc0a20468ee2cafda22159db0bbb379e738346,current_run_note,Current folder note identifies calibration ordering only; does not provide synchronization or physical units.,[1],"1. calibration, hyperspec, d405 and l515 (002-specim-fx10)
"
data/main/test_plant_10-7/test_plant_20260928143911/rgb_826194.png,1157661,1d563a052861e23ed329f8b71b2b3769cd168748ec2c447ff669de67e96b1041,current_representative_png_container,Current recording; container metadata only. Does not establish depth units.,,"{""ihdr"": {""width"": 1280, ""height"": 720, ""bit_depth"": 8, ""colour_type"": 2}, ""chunk_counts"": {""IHDR"": 1, ""IDAT"": 142, ""IEND"": 1}, ""metadata_chunk_types"": [], ""scope"": ""Representative PNG container only; compressed image pixels not decoded.""}"
data/main/test_plant_10-7/test_plant_20260928143911/depth_826194.png,583644,450493de1b7c7d8123100b2291264d8a809bbf37a1586cfba53d1f8e03a0c38d,current_representative_png_container,Current recording; container metadata only. Does not establish depth units.,,"{""ihdr"": {""width"": 1280, ""height"": 720, ""bit_depth"": 16, ""colour_type"": 0}, ""chunk_counts"": {""IHDR"": 1, ""IDAT"": 72, ""IEND"": 1}, ""metadata_chunk_types"": [], ""scope"": ""Representative PNG container only; compressed image pixels not decoded.""}"
data/main/test_plant_10-7/test_plant_20260928143911/kd_intrinsics.txt,397,3f7b416ce1f51f9d84275c73024d31231bd41f67890bcd78b2fd12684caf558b,current_saved_intrinsics,"Directly associated with the named September28 recording. K/dist/dimensions are useful; no saved depth scale, serial or extrinsics.",,"{""K"": [[642.5546264648438, 0, 638.240234375], [0, 642.5546264648438, 364.5859069824219], [0, 0, 1]], ""dist"": [0.0, 0.0, 0.0, 0.0, 0.0], ""height"": 720, ""width"": 1280}"
data/main/test_plant_10-7/test_plant_20260928143911/kdc_intrinsics.txt,484,1481eb98c17500e25b67217c61254d6b434043e96f7fbc6668032bd55034c793,current_saved_intrinsics,"Directly associated with the named September28 recording. K/dist/dimensions are useful; no saved depth scale, serial or extrinsics.",,"{""K"": [[645.772216796875, 0, 634.3516235351562], [0, 645.1732177734375, 360.0220947265625], [0, 0, 1]], ""dist"": [-0.0542781837284565, 0.05645398050546646, 0.000695822003763169, 0.0007303903112187982, -0.01802046038210392], ""height"": 720, ""width"": 1280}"
data/main/test_plant_10-7/test_plant_20260928144647_L515/rgb_824020.png,1349320,5b03bf2d47996ebf8c97d9c195e01f7a47f2074b88b64e08040ae100b663fd21,current_representative_png_container,Current recording; container metadata only. Does not establish depth units.,,"{""ihdr"": {""width"": 1280, ""height"": 720, ""bit_depth"": 8, ""colour_type"": 2}, ""chunk_counts"": {""IHDR"": 1, ""IDAT"": 165, ""IEND"": 1}, ""metadata_chunk_types"": [], ""scope"": ""Representative PNG container only; compressed image pixels not decoded.""}"
data/main/test_plant_10-7/test_plant_20260928144647_L515/depth_824020.png,388481,5b51e8c8211d90e763cc403618fbc4cca85d2ff16eb328904832e2dc1334f145,current_representative_png_container,Current recording; container metadata only. Does not establish depth units.,,"{""ihdr"": {""width"": 1280, ""height"": 720, ""bit_depth"": 16, ""colour_type"": 0}, ""chunk_counts"": {""IHDR"": 1, ""IDAT"": 48, ""IEND"": 1}, ""metadata_chunk_types"": [], ""scope"": ""Representative PNG container only; compressed image pixels not decoded.""}"
data/main/test_plant_10-7/test_plant_20260928144647_L515/kd_intrinsics.txt,372,a4376fb6d756aad60db8171bfc56414fb1ec9365c3d816b392376ed676612898,current_saved_intrinsics,"Directly associated with the named September28 recording. K/dist/dimensions are useful; no saved depth scale, serial or extrinsics.",,"{""K"": [[734.796875, 0, 543.125], [0, 734.921875, 396.33984375], [0, 0, 1]], ""dist"": [0.0, 0.0, 0.0, 0.0, 0.0], ""height"": 768, ""width"": 1024}"
data/main/test_plant_10-7/test_plant_20260928144647_L515/kdc_intrinsics.txt,486,81f74f5d74e3b0f7b65af4fe2aa9fe1c4ef4ded36f66b3ab1beb3d3584058797,current_saved_intrinsics,"Directly associated with the named September28 recording. K/dist/dimensions are useful; no saved depth scale, serial or extrinsics.",,"{""K"": [[898.4381103515625, 0, 655.9896240234375], [0, 898.5916137695312, 355.45782470703125], [0, 0, 1]], ""dist"": [0.14393945038318634, -0.482932984828949, -0.0023646382614970207, -0.0005440952372737229, 0.4404349625110626], ""height"": 720, ""width"": 1280}"
data/main/test_plant_10-7/test_plant_20260928162111_L515/rgb_816080.png,1381863,366596eeb409f8f29970da18a50b4b2d519bb68b8edcd96f3d33e3e9c9dd1c6f,current_representative_png_container,Current recording; container metadata only. Does not establish depth units.,,"{""ihdr"": {""width"": 1280, ""height"": 720, ""bit_depth"": 8, ""colour_type"": 2}, ""chunk_counts"": {""IHDR"": 1, ""IDAT"": 169, ""IEND"": 1}, ""metadata_chunk_types"": [], ""scope"": ""Representative PNG container only; compressed image pixels not decoded.""}"
data/main/test_plant_10-7/test_plant_20260928162111_L515/depth_816080.png,409467,9470ee1d76a281221b663d6864a0d0f4bb8a6d29bbe07d749262c781dc9e0319,current_representative_png_container,Current recording; container metadata only. Does not establish depth units.,,"{""ihdr"": {""width"": 1280, ""height"": 720, ""bit_depth"": 16, ""colour_type"": 0}, ""chunk_counts"": {""IHDR"": 1, ""IDAT"": 50, ""IEND"": 1}, ""metadata_chunk_types"": [], ""scope"": ""Representative PNG container only; compressed image pixels not decoded.""}"
data/main/test_plant_10-7/test_plant_20260928162111_L515/kd_intrinsics.txt,372,a4376fb6d756aad60db8171bfc56414fb1ec9365c3d816b392376ed676612898,current_saved_intrinsics,"Directly associated with the named September28 recording. K/dist/dimensions are useful; no saved depth scale, serial or extrinsics.",,"{""K"": [[734.796875, 0, 543.125], [0, 734.921875, 396.33984375], [0, 0, 1]], ""dist"": [0.0, 0.0, 0.0, 0.0, 0.0], ""height"": 768, ""width"": 1024}"
data/main/test_plant_10-7/test_plant_20260928162111_L515/kdc_intrinsics.txt,486,81f74f5d74e3b0f7b65af4fe2aa9fe1c4ef4ded36f66b3ab1beb3d3584058797,current_saved_intrinsics,"Directly associated with the named September28 recording. K/dist/dimensions are useful; no saved depth scale, serial or extrinsics.",,"{""K"": [[898.4381103515625, 0, 655.9896240234375], [0, 898.5916137695312, 355.45782470703125], [0, 0, 1]], ""dist"": [0.14393945038318634, -0.482932984828949, -0.0023646382614970207, -0.0005440952372737229, 0.4404349625110626], ""height"": 720, ""width"": 1280}"
data/main/test_plant_10-7/test_plant_20260928162354/rgb_837784.png,1279438,279f0df6a31eed1a42ec68313f75b732a50f9f4ee7a0b786b61fdfd9c7ca570a,current_representative_png_container,Current recording; container metadata only. Does not establish depth units.,,"{""ihdr"": {""width"": 1280, ""height"": 720, ""bit_depth"": 8, ""colour_type"": 2}, ""chunk_counts"": {""IHDR"": 1, ""IDAT"": 156, ""IEND"": 1}, ""metadata_chunk_types"": [], ""scope"": ""Representative PNG container only; compressed image pixels not decoded.""}"
data/main/test_plant_10-7/test_plant_20260928162354/depth_837784.png,598541,211a90843f1b31051bb87b101cdfe494de961ede6a8fa3a7b4d4f2588793bc36,current_representative_png_container,Current recording; container metadata only. Does not establish depth units.,,"{""ihdr"": {""width"": 1280, ""height"": 720, ""bit_depth"": 16, ""colour_type"": 0}, ""chunk_counts"": {""IHDR"": 1, ""IDAT"": 73, ""IEND"": 1}, ""metadata_chunk_types"": [], ""scope"": ""Representative PNG container only; compressed image pixels not decoded.""}"
data/main/test_plant_10-7/test_plant_20260928162354/kd_intrinsics.txt,397,3f7b416ce1f51f9d84275c73024d31231bd41f67890bcd78b2fd12684caf558b,current_saved_intrinsics,"Directly associated with the named September28 recording. K/dist/dimensions are useful; no saved depth scale, serial or extrinsics.",,"{""K"": [[642.5546264648438, 0, 638.240234375], [0, 642.5546264648438, 364.5859069824219], [0, 0, 1]], ""dist"": [0.0, 0.0, 0.0, 0.0, 0.0], ""height"": 720, ""width"": 1280}"
data/main/test_plant_10-7/test_plant_20260928162354/kdc_intrinsics.txt,484,1481eb98c17500e25b67217c61254d6b434043e96f7fbc6668032bd55034c793,current_saved_intrinsics,"Directly associated with the named September28 recording. K/dist/dimensions are useful; no saved depth scale, serial or extrinsics.",,"{""K"": [[645.772216796875, 0, 634.3516235351562], [0, 645.1732177734375, 360.0220947265625], [0, 0, 1]], ""dist"": [-0.0542781837284565, 0.05645398050546646, 0.000695822003763169, 0.0007303903112187982, -0.01802046038210392], ""height"": 720, ""width"": 1280}"
rospy_thread_fin_1.py,7648,9d9ab192653cf7dce6b89d4ad186b12f3f2013d577991ac331f4568f7b2fea45,capture_source_convention,Source code only; executed September28 version and driver units not recorded.,"[24, 25, 26, 47, 52, 60, 68, 69, 70, 83, 91, 92, 93, 129, 132, 134, 142, 232]","get_depth_scale() is read at52 but omitted from saved intrinsics47-98. position=int(position*10**6) at129, ROS message.position[0] at142. Active D405 serial128422272123; historical comments mention L515f1230450."
stakeholder_reference/rospy_thread_fin_1.py,7601,fd8cea52c659e0280666e2139a6bde206feccd24702948e4d983e8b7ae24b2a7,capture_source_convention,Reference source only; different endpoint underscores need for exact executed revision.,"[52, 129, 232]",Same filename/depth-scale omission; endpoint0.78 versus root script1.65.
capture/base.py,9798,56a241f59f80ab23c984d725edd7def790e6405eca03a262aaa9c49bb93184a2,current_software_metadata_schema,"Current software capability, not evidence that current recordings used this version.","[58, 66, 70, 74, 75]",CaptureSession declares velocity_mps/frame_positions/gantry_axis; no depth-scale field.
capture/realsense_capture.py,21380,899891601a569c1d921a5c9aed56e3d0fcaf9ce33e2baef8893390419e14eae2,current_software_metadata_schema,Current software source; does not retrofit missing recording values.,"[503, 508, 509, 514, 520, 521, 522]","Saved intrinsics payload contains K,dist,height,width."
imp_positions.txt,172,69e7ef521c35523db9db1af9ca99da4e36285a4586f290f3a68de3268e359388,undated_operator_notes,"Undated values, not a run-linked driver conversion or trigger log.","[1, 3]","start_pos=0.005; end_pos=1.665. SCM/hypercam service names are notes, not logs."
data/main/20260901122109/session.json,27897,48773666232a6a638164db9b868ac4787871504bf4f79b2dfa75e202670f939b,historical_session,September1 recording only; cannot transfer its positions or FPS to September28.,,"{""backend"": ""ros"", ""started_at"": ""2026-09-01T12:21:09"", ""width"": 1280, ""height"": 720, ""fps"": 30, ""velocity_mps"": 0.038, ""gantry_axis"": 0, ""end_position_m"": 1.65, ""n_frames"": 1309, ""termination_reason"": ""endpoint_reached"", ""home_returned"": true, ""frame_positions_count"": 1309, ""frame_positions_first_last"": [[""0"", 0.005104], [""1308"", 1.651101]], ""top_level_keys"": [""backend"", ""end_position_m"", ""fps"", ""frame_positions"", ""gantry_axis"", ""height"", ""home_returned"", ""n_frames"", ""started_at"", ""termination_reason"", ""velocity_mps"", ""width""]}"
data/captures/20260511131409/session.json,4935,a4d807220630de03f11a333d8f3c45a7a530cab0fd1c315d8390b9ecfd3cdf0d,historical_session,May11 camera-only recording; not current run or synchronized HSI.,,"{""backend"": ""realsense"", ""started_at"": ""2026-05-11T13:14:09"", ""width"": 1280, ""height"": 720, ""fps"": 30, ""velocity_mps"": 0.038, ""gantry_axis"": 0, ""end_position_m"": 0.78, ""duration_s"": 10.0, ""n_frames"": 81, ""actual_fps_estimate"": 15.56229848209946, ""actual_spacing_median_m"": 0.0, ""frame_positions_count"": 0, ""frame_positions_first_last"": [], ""frame_timestamps_count"": 81, ""frame_timestamps_first_last"": [[""0"", 1778469251.6892502], [""80"", 1778469256.7350962]], ""top_level_keys"": [""actual_fps_estimate"", ""actual_frame_intervals_ms"", ""actual_spacing_median_m"", ""backend"", ""depth_filtering"", ""duration_s"", ""end_position_m"", ""fps"", ""frame_positions"", ""frame_timestamps"", ""gantry_axis"", ""height"", ""n_frames"", ""started_at"", ""velocity_mps"", ""width""]}"
processing/hyperspectral/profile_20260828.json,10917,a023de2aae3182aa92f92d4f29042cbf809015308d763d24f0ce34924bb625dc,historical_processing_profile,"Explicitly August28 reviewed dataset only; 10000 is its processing scale, not current camera readback.","[2, 3, 4, 6]",id20260828; depth_scale10000; validation_status historical dataset only.
data/main/test_plant_20230809133659/gantry_config.json,64,efc0a2984ec378c7387910864e7e4675fca55b8ec074e80bc79ca18432847acf,historical_processing_profile,August2023 dataset only; per-frame model is not a September28 encoder calibration.,,"{""gantry_step_m_per_frame"": 0.003476, ""gantry_axis"": 1, ""top_level_keys"": [""gantry_axis"", ""gantry_step_m_per_frame""]}"
../3d_hyperspec_ai/notebooks/aruco_markers.ipynb,2214,3d6deecc78ae7d8dd1648e40bb8fec775b697306c495e84315eedad6064941af,historical_board_design,Four standalone 600px ArUco designs; no physical dimensions or proof these are September28 ChArUco sheets.,"[30, 31, 32, 33, 34, 35, 36, 37, 38, 39, 40, 41]","DICT_4X4_50; IDs0,1,2,3; marker_size_px600; corner labels. Pixel size is not printed millimetres."
../3d_hyperspec_ai/notebooks/ROS/rospy_thread_fin_1.py,7601,fd8cea52c659e0280666e2139a6bde206feccd24702948e4d983e8b7ae24b2a7,historical_capture_source,Historical source only; no run-linked execution provenance.,"[24, 25, 26, 52, 129, 142, 156, 159, 172, 173, 189, 193, 232]",D405 serial128422272123; reads but does not save depth_scale; filenameROSposition*1e6; velocity0.038; endpoint0.78.
../3d_hyperspec_ai/notebooks/ROS/settings.yaml,174,4d8f19c45144f874dc081aa74ce8a32b1e3f08d11aab039047ee4c9756d78d48,historical_driver_configuration,Unit declaration and September28 execution provenance absent; do not select among differing source velocities.,"[2, 3, 4, 5, 6]",min_pos:-5000; max_pos:1600000; tollerence:5000; target_velocity:0.025.
../3d_hyperspec_ai/notebooks/ROS/imp_positions.txt,172,69e7ef521c35523db9db1af9ca99da4e36285a4586f290f3a68de3268e359388,historical_operator_notes,Undated notes; no trigger/start correspondence.,"[1, 3]",start_pos=0.005; end_pos=1.665.
../3d_hyperspec_ai/results/20260828_showcase/rgbd_icp/reconstruction_summary.json,1233,7feb530415bafccece83c4bd4982a8916ad240dbd72fe9ece4e220ce706d88d5,historical_processing_scale,August28 processing result only; not current hardware depth-scale metadata.,"[2, 11, 12]",dataset test_plant_20260828120800_best_lighting; depth_scale_units_per_m10000; depth_unit_m0.0001.
../3d_hyperspec_ai/results/20260828_showcase/fusion/coleus/fusion_metrics.json,3821,6e96829aa866860275f1f19c02e244e873f277d520a258ddcfa8c8b70ade9877,historical_planar_mapping,August28 empirical image registration; not HSI spatial intrinsics or sensor-to-sensor extrinsics.,"[7, 19, 33, 65, 124]",Plant-local SIFT/RANSAC homography; depthscale10000; explicit planar/parallax limitation.
../3d_hyperspec_ai/results/20260828_showcase/global_placement/coleus/global_placement.json,2137,0e2f1d37953e7aaebdd086cfa4c4d153bdd4929753ed283bdcc9c13732cd8cdf,historical_specimen_placement,"Specimen-to-scene ICP, not fixed camera-mount calibration or recovered missing trajectory.","[5, 11, 67]",Direct specimen-to-scene rigid transform; explicitly does not reconstruct missing95-frame trajectory.
../3d_hyperspec_ai/data/20260828/001-specim-fx10.json,400111,1dad42b8845b63321b0fd238cfe7c2002f3e3717c67d081cdaef4e140e47c2a4,historical_hsi_line_metadata,"August28 run001 only. Demonstrates recoverable acquisition-sidecar fields, not September28 timing or current scale.",,"{""camera"": ""fx10"", ""header"": {""acquisition time"": ""2026-08-28T02:13:42Z"", ""bands"": 224, ""byte order"": 0, ""data type"": 12, ""description"": ""{ Experiment: ANU; Batch: 20260828; Run: 001. }"", ""file type"": ""ENVI Standard"", ""header offset"": ""0"", ""interleave"": ""bil"", ""lines"": 2127, ""samples"": 1024, ""wavelength units"": ""nm""}, ""frame_fields"": [""frame_id"", ""frame_start_offset"", ""system_time"", ""timestamp""], ""frame_count"": 2127, ""first"": {""frame_id"": 1, ""frame_start_offset"": 0, ""system_time"": 1787883089705028786, ""timestamp"": 30605645434272540}, ""last"": {""frame_id"": 2127, ""frame_start_offset"": 731480064, ""system_time"": 1787883222588450142, ""timestamp"": 30605778309272540}, ""missing_ids"": [], ""first_timestamp_delta"": 62500000, ""info"": {""frame_count"": 2127, ""height"": 224, ""n_completed_buffers"": 2127, ""n_failures"": 0, ""n_underrun"": 0, ""pixel_format"": 17563654, ""size"": 344064, ""width"": 1024}, ""declared_time_units"": null, ""transfer_to_september28"": false}"
../3d_hyperspec_ai/data/20260828/001-specim-fx10.hdr,3369,b50d522a9b71474c09439e17dbe946583d24e4d1c6ecce57a30776cb95ac0114,historical_hsi_header,"August28 run001, explicitly historical; no transfer.","[2, 6]","{""acquisition time"": ""2026-08-28T02:13:42Z"", ""bands"": ""224"", ""byte order"": ""0"", ""data type"": ""12"", ""description"": ""{ Experiment: ANU; Batch: 20260828; Run: 001. }"", ""file type"": ""ENVI Standard"", ""header offset"": ""0"", ""interleave"": ""bil"", ""lines"": ""2127"", ""samples"": ""1024"", ""wavelength units"": ""nm""}"
../3d_hyperspec_ai/data/20260828/001-specim-fx17.json,399987,ad8cda1e17ff4eeeff548a0ae609c9baea4c1e107b3f89cf0f3aa089c067a140,historical_hsi_line_metadata,"August28 run001 only. Demonstrates recoverable acquisition-sidecar fields, not September28 timing or current scale.",,"{""camera"": ""fx17"", ""header"": {""acquisition time"": ""2026-08-28T02:13:42Z"", ""bands"": 224, ""byte order"": 0, ""data type"": 12, ""description"": ""{ Experiment: ANU; Batch: 20260828; Run: 001. }"", ""file type"": ""ENVI Standard"", ""header offset"": ""0"", ""interleave"": ""bil"", ""lines"": 2126, ""samples"": 640, ""wavelength units"": ""nm""}, ""frame_fields"": [""frame_id"", ""frame_start_offset"", ""system_time"", ""timestamp""], ""frame_count"": 2126, ""first"": {""frame_id"": 1, ""frame_start_offset"": 0, ""system_time"": 1787883089664766886, ""timestamp"": 30605490152309230}, ""last"": {""frame_id"": 2127, ""frame_start_offset"": 456960000, ""system_time"": 1787883222548648264, ""timestamp"": 30605623027309230}, ""missing_ids"": [946], ""first_timestamp_delta"": 62500000, ""info"": {""frame_count"": 2126, ""height"": 224, ""n_completed_buffers"": 2126, ""n_failures"": 1, ""n_underrun"": 0, ""pixel_format"": 17563654, ""size"": 215040, ""width"": 640}, ""declared_time_units"": null, ""transfer_to_september28"": false}"
../3d_hyperspec_ai/data/20260828/001-specim-fx17.hdr,3626,d49242d105cc82684c4a1f058ba243a26216b4ce29639aae4d15cea8a3b9395f,historical_hsi_header,"August28 run001, explicitly historical; no transfer.","[2, 6]","{""acquisition time"": ""2026-08-28T02:13:42Z"", ""bands"": ""224"", ""byte order"": ""0"", ""data type"": ""12"", ""description"": ""{ Experiment: ANU; Batch: 20260828; Run: 001. }"", ""file type"": ""ENVI Standard"", ""header offset"": ""0"", ""interleave"": ""bil"", ""lines"": ""2126"", ""samples"": ""640"", ""wavelength units"": ""nm""}"
